Trip_ID,Pickup_Time,Dropoff_Time,Pickup_Location,Dropoff_Location,Distance_km,Fare_â‚¹,Customer_Rating
1,2025-01-25 23:37:08,2025-01-26 00:07:08,Marathahalli,"Whitefield, Bengaluru",10.05,194.71,4.7
2,2025-01-13 18:01:50,2025-01-13 18:22:50,Koramangala,Electronic City,25.77,549.06,3.3
3,2025-01-09 12:02:20,2025-01-09 12:12:20,Marathahalli,Hebbal,9.92,229.69,4.0
4,2025-01-10 07:58:47,2025-01-10 08:33:47,"Whitefield, Bengaluru",Yeshwanthpur,11.2,256.9,4.7
5,2025-01-11 15:40:48,2025-01-11 16:11:48,Hebbal,Koramangala,8.29,144.0,4.1
6,2025-01-04 02:49:49,2025-01-04 03:36:49,Koramangala,Yeshwanthpur,8.36,179.07,3.3
7,2025-01-18 14:56:28,2025-01-18 15:32:28,BTM Layout,Koramangala,29.68,611.32,3.8
8,2025-01-02 03:03:12,2025-01-02 03:41:12,HSR Layout,"Whitefield, Bengaluru",16.81,400.54,3.3
9,2025-01-17 08:50:55,2025-01-17 09:39:55,HSR Layout,BTM Layout,27.51,450.87,4.8
10,2025-01-03 14:04:35,2025-01-03 14:45:35,Hebbal,Marathahalli,25.86,452.3,4.9
11,2025-01-13 07:23:19,2025-01-13 07:54:19,"MG Road, Bengaluru",Marathahalli,11.56,193.98,3.3
12,2025-01-01 12:34:10,2025-01-01 13:28:10,Indiranagar,Marathahalli,21.14,423.38,3.6
13,2025-01-21 18:49:01,2025-01-21 19:15:01,Yeshwanthpur,Electronic City,16.4,286.71,3.1
14,2025-01-07 17:04:56,2025-01-07 17:44:56,BTM Layout,Yeshwanthpur,10.39,193.29,3.8
15,2025-01-24 18:47:10,2025-01-24 19:45:10,Hebbal,Marathahalli,19.46,402.52,3.9
16,2025-01-21 16:07:02,2025-01-21 16:37:02,HSR Layout,BTM Layout,15.69,236.33,4.2
17,2025-01-26 11:23:54,2025-01-26 12:06:54,Indiranagar,"MG Road, Bengaluru",8.66,142.34,3.2
18,2025-01-13 15:06:18,2025-01-13 15:37:18,Yeshwanthpur,"Whitefield, Bengaluru",15.11,356.83,3.5
19,2025-01-23 15:12:13,2025-01-23 15:37:13,Marathahalli,"MG Road, Bengaluru",3.4,55.19,3.9
20,2025-01-25 10:45:48,2025-01-25 11:28:48,Yeshwanthpur,HSR Layout,15.74,385.84,4.5
21,2025-01-20 03:12:57,2025-01-20 03:34:57,BTM Layout,Indiranagar,19.85,442.11,4.5
22,2025-01-24 14:42:12,2025-01-24 15:32:12,Hebbal,"MG Road, Bengaluru",27.11,663.2,3.5
23,2025-01-04 16:36:34,2025-01-04 17:10:34,HSR Layout,Hebbal,12.34,255.69,3.1
24,2025-01-12 12:42:21,2025-01-12 13:15:21,"Whitefield, Bengaluru",Koramangala,21.05,461.89,3.7
25,2025-01-16 22:53:00,2025-01-16 23:36:00,HSR Layout,Indiranagar,20.68,438.41,3.1
26,2024-12-31 06:00:10,2024-12-31 06:35:10,Koramangala,"Whitefield, Bengaluru",3.38,62.82,4.3
27,2025-01-15 16:51:12,2025-01-15 17:34:12,Marathahalli,Koramangala,25.7,607.31,4.7
28,2024-12-30 15:09:15,2024-12-30 16:04:15,Hebbal,Koramangala,8.93,177.82,4.0
29,2025-01-14 11:28:02,2025-01-14 12:07:02,"MG Road, Bengaluru",Indiranagar,15.03,241.24,4.9
30,2025-01-21 01:38:24,2025-01-21 02:01:24,Marathahalli,"Whitefield, Bengaluru",9.72,179.34,3.5
31,2025-01-06 19:41:24,2025-01-06 19:55:24,Koramangala,"MG Road, Bengaluru",24.59,594.41,3.4
32,2025-01-23 16:38:31,2025-01-23 16:51:31,Hebbal,Koramangala,14.7,223.59,4.9
33,2025-01-23 07:51:14,2025-01-23 08:14:14,Yeshwanthpur,"Whitefield, Bengaluru",12.97,219.83,4.5
34,2025-01-08 10:06:37,2025-01-08 11:05:37,Hebbal,"Whitefield, Bengaluru",19.06,436.37,4.0
35,2024-12-29 10:01:18,2024-12-29 10:33:18,Hebbal,HSR Layout,9.02,161.93,3.7
36,2025-01-09 17:56:47,2025-01-09 18:44:47,HSR Layout,BTM Layout,24.63,437.31,3.4
37,2025-01-24 16:48:56,2025-01-24 17:47:56,Hebbal,Electronic City,10.85,209.29,3.1
38,2025-01-18 20:18:21,2025-01-18 21:01:21,Hebbal,BTM Layout,23.12,441.46,4.3
39,2025-01-07 10:55:09,2025-01-07 11:52:09,"Whitefield, Bengaluru",Marathahalli,7.44,171.67,5.0
40,2025-01-21 07:20:34,2025-01-21 07:32:34,BTM Layout,Yeshwanthpur,3.62,62.01,3.3
41,2025-01-07 18:02:13,2025-01-07 18:43:13,Electronic City,Indiranagar,25.15,479.38,3.0
42,2025-01-24 00:07:18,2025-01-24 00:43:18,Koramangala,Electronic City,21.08,501.52,4.0
43,2025-01-21 06:10:59,2025-01-21 06:53:59,HSR Layout,Marathahalli,14.62,359.57,3.7
44,2025-01-12 18:26:18,2025-01-12 19:19:18,Marathahalli,"MG Road, Bengaluru",13.53,307.46,3.9
45,2025-01-10 04:04:37,2025-01-10 04:53:37,"Whitefield, Bengaluru",Koramangala,20.81,465.82,3.5
46,2025-01-16 19:04:12,2025-01-16 19:36:12,"Whitefield, Bengaluru",HSR Layout,18.7,373.33,4.8
47,2025-01-10 03:08:10,2025-01-10 04:00:10,Koramangala,Electronic City,27.36,468.33,3.7
48,2025-01-25 07:26:48,2025-01-25 08:04:48,"MG Road, Bengaluru",Koramangala,6.35,116.03,4.9
49,2025-01-23 20:40:55,2025-01-23 21:33:55,Indiranagar,Hebbal,4.71,106.84,3.2
50,2025-01-03 09:01:54,2025-01-03 09:57:54,Koramangala,Electronic City,15.06,285.86,4.6
51,2025-01-11 03:02:59,2025-01-11 03:13:59,"Whitefield, Bengaluru",HSR Layout,25.0,478.25,4.2
52,2025-01-19 15:30:56,2025-01-19 16:07:56,Yeshwanthpur,Hebbal,21.47,335.68,3.6
53,2025-01-18 19:58:13,2025-01-18 20:11:13,Koramangala,Yeshwanthpur,19.28,313.87,3.9
54,2025-01-12 22:20:47,2025-01-12 23:05:47,Yeshwanthpur,Indiranagar,27.3,454.68,4.2
55,2025-01-21 15:44:12,2025-01-21 16:31:12,Hebbal,Koramangala,19.94,313.2,4.7
56,2025-01-11 04:27:09,2025-01-11 04:42:09,Yeshwanthpur,HSR Layout,26.84,577.8,3.4
57,2024-12-31 03:39:33,2024-12-31 04:14:33,Koramangala,Marathahalli,5.44,86.28,3.3
58,2025-01-26 18:39:20,2025-01-26 19:30:20,Marathahalli,Electronic City,7.84,153.41,4.4
59,2025-01-25 09:43:10,2025-01-25 09:58:10,Electronic City,Yeshwanthpur,18.2,278.81,4.1
60,2025-01-19 13:06:23,2025-01-19 13:33:23,"MG Road, Bengaluru",Koramangala,4.95,97.17,4.0
61,2024-12-30 08:21:43,2024-12-30 09:09:43,"Whitefield, Bengaluru",Hebbal,29.7,701.18,3.9
62,2025-01-11 11:30:36,2025-01-11 12:08:36,Indiranagar,"Whitefield, Bengaluru",26.42,430.87,3.7
63,2025-01-24 04:23:04,2025-01-24 05:09:04,"MG Road, Bengaluru",BTM Layout,14.91,256.15,4.9
64,2025-01-10 13:52:32,2025-01-10 14:09:32,HSR Layout,Marathahalli,6.11,146.38,3.1
65,2025-01-08 09:30:50,2025-01-08 09:52:50,Marathahalli,Electronic City,17.8,364.61,3.9
66,2025-01-12 02:20:06,2025-01-12 02:55:06,BTM Layout,Marathahalli,3.15,65.22,4.3
67,2025-01-23 23:02:47,2025-01-23 23:15:47,Indiranagar,Yeshwanthpur,13.24,237.66,3.0
68,2025-01-10 21:52:47,2025-01-10 22:14:47,Indiranagar,Marathahalli,5.13,87.13,3.9
69,2025-01-16 22:46:47,2025-01-16 23:42:47,"Whitefield, Bengaluru",Koramangala,28.6,699.93,3.4
70,2025-01-03 22:00:51,2025-01-03 22:36:51,Indiranagar,Electronic City,20.63,372.2,3.3
71,2025-01-16 12:02:30,2025-01-16 12:25:30,HSR Layout,"MG Road, Bengaluru",19.69,428.22,3.2
72,2025-01-23 11:18:17,2025-01-23 11:40:17,Marathahalli,Indiranagar,5.1,127.3,4.4
73,2025-01-01 10:04:20,2025-01-01 10:34:20,Indiranagar,Yeshwanthpur,11.3,175.76,3.2
74,2025-01-08 20:00:22,2025-01-08 21:00:22,BTM Layout,Hebbal,18.61,359.79,3.0
75,2025-01-12 00:51:55,2025-01-12 01:19:55,Yeshwanthpur,"Whitefield, Bengaluru",7.32,112.34,4.5
76,2025-01-09 00:31:20,2025-01-09 01:11:20,Marathahalli,Electronic City,13.74,296.26,4.8
77,2025-01-03 13:47:24,2025-01-03 14:31:24,Indiranagar,Electronic City,21.18,419.28,4.0
78,2025-01-12 14:35:42,2025-01-12 15:25:42,HSR Layout,BTM Layout,26.81,644.4,3.7
79,2025-01-19 04:54:53,2025-01-19 05:17:53,HSR Layout,Hebbal,29.92,724.72,3.5
80,2025-01-26 23:13:27,2025-01-26 23:57:27,Koramangala,Yeshwanthpur,4.51,104.45,4.7
81,2025-01-15 06:35:26,2025-01-15 07:24:26,Yeshwanthpur,BTM Layout,16.25,270.81,4.2
82,2025-01-24 14:56:56,2025-01-24 15:32:56,"Whitefield, Bengaluru","MG Road, Bengaluru",19.4,376.3,4.8
83,2025-01-25 01:14:31,2025-01-25 01:31:31,"MG Road, Bengaluru",BTM Layout,28.27,490.68,4.6
84,2025-01-22 04:11:58,2025-01-22 05:09:58,"Whitefield, Bengaluru","MG Road, Bengaluru",12.75,262.09,3.3
85,2025-01-14 21:45:28,2025-01-14 22:16:28,"MG Road, Bengaluru",Marathahalli,27.39,417.29,3.9
86,2025-01-27 04:59:26,2025-01-27 05:20:26,HSR Layout,Koramangala,15.34,277.66,3.3
87,2025-01-02 09:01:45,2025-01-02 09:19:45,Indiranagar,"MG Road, Bengaluru",23.24,413.84,5.0
88,2025-01-01 18:26:20,2025-01-01 18:56:20,Koramangala,"Whitefield, Bengaluru",27.87,685.91,3.5
89,2025-01-27 06:29:29,2025-01-27 06:44:29,Indiranagar,"MG Road, Bengaluru",24.86,392.97,4.5
90,2025-01-12 04:14:39,2025-01-12 04:31:39,Electronic City,BTM Layout,23.2,447.68,3.1
91,2024-12-30 15:31:00,2024-12-30 15:42:00,Marathahalli,Indiranagar,27.31,528.6,4.7
92,2024-12-29 14:13:31,2024-12-29 15:10:31,BTM Layout,"Whitefield, Bengaluru",5.39,85.63,3.0
93,2024-12-30 12:06:47,2024-12-30 12:56:47,HSR Layout,Koramangala,21.87,351.24,3.8
94,2024-12-28 22:45:27,2024-12-28 23:18:27,Koramangala,HSR Layout,8.05,127.15,3.0
95,2025-01-16 10:45:26,2025-01-16 11:09:26,Koramangala,"Whitefield, Bengaluru",19.53,485.55,5.0
96,2025-01-02 19:15:20,2025-01-02 19:25:20,BTM Layout,Hebbal,12.84,279.84,4.9
97,2025-01-27 01:32:05,2025-01-27 02:05:05,Yeshwanthpur,Koramangala,21.15,377.28,3.4
98,2025-01-09 13:05:38,2025-01-09 14:03:38,Electronic City,"Whitefield, Bengaluru",10.96,192.5,3.8
99,2025-01-25 13:32:52,2025-01-25 13:47:52,Koramangala,BTM Layout,5.78,127.91,4.1
100,2025-01-18 15:22:35,2025-01-18 15:52:35,Hebbal,"MG Road, Bengaluru",15.74,365.97,3.9
101,2025-01-24 09:22:30,2025-01-24 10:03:30,"Whitefield, Bengaluru",Yeshwanthpur,20.73,450.7,3.6
102,2025-01-19 11:07:43,2025-01-19 11:30:43,Marathahalli,Electronic City,9.64,198.72,4.0
103,2025-01-16 15:57:54,2025-01-16 16:54:54,"MG Road, Bengaluru",Electronic City,19.47,335.14,3.1
104,2025-01-09 21:42:13,2025-01-09 22:36:13,Koramangala,Electronic City,24.53,496.21,4.6
105,2025-01-09 10:19:15,2025-01-09 11:09:15,Yeshwanthpur,"MG Road, Bengaluru",6.68,116.21,4.4
106,2025-01-14 07:08:06,2025-01-14 07:46:06,Electronic City,Yeshwanthpur,22.18,374.56,3.5
107,2025-01-02 15:46:30,2025-01-02 16:40:30,HSR Layout,Hebbal,14.76,339.27,5.0
108,2025-01-11 06:22:43,2025-01-11 06:56:43,"MG Road, Bengaluru","Whitefield, Bengaluru",26.88,467.67,3.6
109,2025-01-22 05:31:21,2025-01-22 06:20:21,Hebbal,Yeshwanthpur,29.46,578.71,4.5
110,2025-01-17 03:08:17,2025-01-17 03:59:17,Indiranagar,Marathahalli,18.5,306.17,3.2
111,2025-01-26 08:54:58,2025-01-26 09:36:58,"Whitefield, Bengaluru","MG Road, Bengaluru",27.65,629.4,3.9
112,2025-01-21 02:25:18,2025-01-21 02:50:18,Electronic City,Yeshwanthpur,14.01,218.23,4.8
113,2025-01-11 18:56:00,2025-01-11 19:55:00,"Whitefield, Bengaluru","MG Road, Bengaluru",3.14,52.54,3.2
114,2025-01-26 10:51:07,2025-01-26 11:51:07,Yeshwanthpur,Koramangala,25.08,570.47,3.4
115,2025-01-01 12:48:30,2025-01-01 13:29:30,Marathahalli,BTM Layout,9.03,172.5,3.0
116,2025-01-25 15:04:21,2025-01-25 15:18:21,"MG Road, Bengaluru",Yeshwanthpur,20.75,435.53,4.1
117,2025-01-19 07:46:18,2025-01-19 08:28:18,Indiranagar,Marathahalli,22.09,457.24,3.2
118,2025-01-11 02:49:49,2025-01-11 03:45:49,HSR Layout,Indiranagar,11.94,234.98,4.4
119,2025-01-22 21:04:55,2025-01-22 21:40:55,HSR Layout,Yeshwanthpur,18.5,312.58,4.4
120,2025-01-24 14:49:40,2025-01-24 15:13:40,Electronic City,Yeshwanthpur,26.8,617.61,4.2
121,2025-01-04 06:50:38,2025-01-04 07:47:38,Hebbal,BTM Layout,10.02,222.84,3.8
122,2025-01-18 15:49:48,2025-01-18 16:08:48,BTM Layout,Hebbal,15.54,260.42,3.8
123,2024-12-31 10:04:57,2024-12-31 10:45:57,Yeshwanthpur,Electronic City,28.17,617.89,4.5
124,2025-01-20 15:03:12,2025-01-20 15:20:12,Indiranagar,BTM Layout,27.58,439.94,4.8
125,2025-01-26 10:38:56,2025-01-26 11:36:56,Marathahalli,Indiranagar,18.84,406.32,4.9
126,2025-01-02 20:02:07,2025-01-02 20:56:07,HSR Layout,Koramangala,7.65,132.2,3.6
127,2025-01-08 03:41:47,2025-01-08 04:25:47,HSR Layout,Marathahalli,6.35,125.95,4.7
128,2025-01-21 13:41:16,2025-01-21 14:00:16,"MG Road, Bengaluru",HSR Layout,3.18,75.96,3.3
129,2025-01-26 21:20:56,2025-01-26 21:42:56,Electronic City,Indiranagar,18.97,378.48,3.3
130,2025-01-20 04:55:14,2025-01-20 05:19:14,Marathahalli,BTM Layout,28.8,602.37,4.0
131,2024-12-30 20:21:24,2024-12-30 20:55:24,Marathahalli,Indiranagar,22.26,353.43,3.1
132,2025-01-10 11:34:53,2025-01-10 12:05:53,Koramangala,"Whitefield, Bengaluru",8.0,185.14,3.1
133,2025-01-22 13:41:14,2025-01-22 13:52:14,Yeshwanthpur,Marathahalli,6.17,134.24,3.3
134,2025-01-06 22:37:04,2025-01-06 23:29:04,HSR Layout,BTM Layout,11.96,188.14,4.1
135,2025-01-03 02:23:33,2025-01-03 03:03:33,"Whitefield, Bengaluru",Yeshwanthpur,18.19,374.63,3.5
136,2025-01-02 16:37:56,2025-01-02 17:07:56,Indiranagar,Hebbal,26.72,498.17,3.5
137,2025-01-02 07:05:56,2025-01-02 07:57:56,HSR Layout,Indiranagar,26.8,596.76,4.3
138,2025-01-26 03:57:58,2025-01-26 04:22:58,Koramangala,"MG Road, Bengaluru",13.55,235.59,3.8
139,2025-01-20 05:14:47,2025-01-20 05:30:47,Hebbal,Indiranagar,10.79,258.15,3.5
140,2025-01-23 13:26:53,2025-01-23 14:04:53,"MG Road, Bengaluru","Whitefield, Bengaluru",9.17,162.19,4.3
141,2025-01-27 02:13:03,2025-01-27 02:45:03,"MG Road, Bengaluru",BTM Layout,21.16,469.63,4.0
142,2024-12-29 22:49:02,2024-12-29 23:46:02,Yeshwanthpur,"Whitefield, Bengaluru",12.49,256.89,4.3
143,2025-01-16 20:10:37,2025-01-16 20:31:37,Electronic City,"MG Road, Bengaluru",23.93,395.96,3.7
144,2025-01-21 15:20:59,2025-01-21 15:32:59,"MG Road, Bengaluru",Koramangala,18.72,311.22,3.4
145,2025-01-14 01:26:44,2025-01-14 02:04:44,BTM Layout,Hebbal,10.88,217.91,4.3
146,2025-01-05 17:13:15,2025-01-05 17:40:15,Indiranagar,"MG Road, Bengaluru",9.36,209.62,4.3
147,2025-01-17 19:31:10,2025-01-17 20:08:10,HSR Layout,Marathahalli,25.38,614.14,3.6
148,2025-01-16 21:40:56,2025-01-16 21:52:56,Indiranagar,Marathahalli,24.82,603.36,4.1
149,2025-01-11 11:17:07,2025-01-11 11:33:07,Hebbal,Indiranagar,21.38,367.64,4.6
150,2025-01-24 11:28:29,2025-01-24 11:56:29,HSR Layout,Marathahalli,28.4,437.11,3.8
151,2025-01-10 05:43:50,2025-01-10 06:04:50,Yeshwanthpur,BTM Layout,24.71,572.31,4.4
152,2025-01-23 15:33:46,2025-01-23 16:32:46,Hebbal,Yeshwanthpur,6.93,123.67,4.5
153,2025-01-21 04:37:08,2025-01-21 05:15:08,Electronic City,Yeshwanthpur,17.28,416.69,3.1
154,2024-12-30 18:37:58,2024-12-30 19:36:58,Indiranagar,Hebbal,18.3,304.51,3.6
155,2025-01-01 04:46:44,2025-01-01 05:13:44,BTM Layout,HSR Layout,27.83,513.87,4.4
156,2024-12-31 12:18:56,2024-12-31 13:15:56,Hebbal,HSR Layout,12.49,254.24,3.5
157,2025-01-11 20:11:43,2025-01-11 21:03:43,"Whitefield, Bengaluru",Hebbal,22.73,509.52,3.6
158,2025-01-22 15:01:10,2025-01-22 15:35:10,Marathahalli,Hebbal,14.49,247.09,3.9
159,2025-01-11 01:23:53,2025-01-11 01:44:53,Hebbal,Koramangala,23.55,554.31,3.1
160,2025-01-08 20:24:12,2025-01-08 21:07:12,BTM Layout,Yeshwanthpur,12.65,287.27,4.2
161,2025-01-27 03:42:00,2025-01-27 04:19:00,Marathahalli,"MG Road, Bengaluru",21.66,416.73,4.6
162,2025-01-02 13:48:10,2025-01-02 14:43:10,Yeshwanthpur,HSR Layout,29.2,577.64,4.8
163,2025-01-18 01:25:58,2025-01-18 02:18:58,Indiranagar,BTM Layout,7.2,178.2,4.7
164,2025-01-09 17:41:18,2025-01-09 18:22:18,Hebbal,Marathahalli,24.05,484.86,3.9
165,2024-12-30 00:10:50,2024-12-30 00:28:50,HSR Layout,Yeshwanthpur,17.2,356.09,4.2
166,2025-01-01 11:50:58,2025-01-01 12:03:58,Indiranagar,Yeshwanthpur,5.58,124.05,4.0
167,2025-01-21 19:30:11,2025-01-21 19:50:11,"Whitefield, Bengaluru",Indiranagar,29.5,559.8,3.9
168,2025-01-23 12:47:58,2025-01-23 12:57:58,Koramangala,"Whitefield, Bengaluru",6.01,113.29,3.2
169,2024-12-31 08:42:05,2024-12-31 08:52:05,Marathahalli,Electronic City,9.52,151.16,3.6
170,2025-01-18 10:22:48,2025-01-18 11:12:48,Yeshwanthpur,HSR Layout,12.87,196.06,4.4
171,2025-01-25 03:20:57,2025-01-25 04:15:57,BTM Layout,HSR Layout,12.14,251.6,4.7
172,2025-01-19 14:13:51,2025-01-19 14:24:51,Yeshwanthpur,Hebbal,9.62,178.81,4.2
173,2024-12-30 10:24:08,2024-12-30 11:10:08,Marathahalli,BTM Layout,21.15,336.09,4.9
174,2024-12-29 13:48:05,2024-12-29 14:29:05,Hebbal,"Whitefield, Bengaluru",15.02,340.12,4.7
175,2025-01-22 01:10:38,2025-01-22 01:37:38,Marathahalli,Koramangala,28.79,614.53,4.9
176,2025-01-22 11:47:01,2025-01-22 12:26:01,"MG Road, Bengaluru",Marathahalli,20.81,491.97,3.4
177,2024-12-28 14:42:16,2024-12-28 15:38:16,Indiranagar,Hebbal,29.46,707.85,3.9
178,2025-01-18 11:53:13,2025-01-18 12:19:13,Indiranagar,"MG Road, Bengaluru",13.74,305.04,4.4
179,2025-01-10 14:46:09,2025-01-10 15:14:09,"MG Road, Bengaluru",HSR Layout,10.19,211.47,3.4
180,2024-12-30 21:14:57,2024-12-30 21:36:57,Electronic City,BTM Layout,13.57,235.17,3.6
181,2025-01-14 10:15:23,2025-01-14 10:59:23,Koramangala,HSR Layout,22.0,437.3,4.5
182,2025-01-07 13:14:17,2025-01-07 13:44:17,"Whitefield, Bengaluru",BTM Layout,20.22,413.81,3.1
183,2024-12-28 12:37:39,2024-12-28 13:09:39,"Whitefield, Bengaluru",BTM Layout,3.52,57.82,3.1
184,2025-01-16 00:01:10,2025-01-16 00:47:10,Hebbal,BTM Layout,21.13,327.97,4.4
185,2025-01-15 11:52:52,2025-01-15 12:46:52,Hebbal,HSR Layout,27.67,466.02,4.9
186,2025-01-22 17:08:05,2025-01-22 17:33:05,Marathahalli,Electronic City,7.22,148.82,3.6
187,2025-01-26 14:12:36,2025-01-26 14:55:36,Hebbal,"MG Road, Bengaluru",7.33,115.71,4.6
188,2025-01-17 17:22:32,2025-01-17 18:15:32,Hebbal,Marathahalli,24.49,589.91,3.6
189,2025-01-11 17:02:39,2025-01-11 17:29:39,Hebbal,Marathahalli,20.99,368.94,4.7
190,2025-01-12 23:07:45,2025-01-12 23:30:45,Indiranagar,HSR Layout,22.9,525.83,3.1
191,2025-01-09 06:34:39,2025-01-09 06:52:39,"MG Road, Bengaluru",Hebbal,27.47,535.87,3.5
192,2025-01-11 08:19:35,2025-01-11 09:07:35,Marathahalli,"Whitefield, Bengaluru",11.69,194.86,3.9
193,2024-12-29 20:24:45,2024-12-29 20:45:45,"MG Road, Bengaluru",Hebbal,7.22,148.1,3.3
194,2025-01-24 00:01:42,2025-01-24 00:45:42,Hebbal,Indiranagar,24.91,501.42,3.2
195,2024-12-30 20:18:21,2024-12-30 21:06:21,Indiranagar,Marathahalli,29.59,473.63,3.6
196,2025-01-09 14:31:40,2025-01-09 14:48:40,Yeshwanthpur,"Whitefield, Bengaluru",5.71,131.86,3.2
197,2025-01-17 13:49:19,2025-01-17 14:28:19,"MG Road, Bengaluru","Whitefield, Bengaluru",13.95,343.25,3.4
198,2025-01-15 14:58:22,2025-01-15 15:34:22,Indiranagar,"Whitefield, Bengaluru",13.75,210.7,4.8
199,2025-01-16 10:50:23,2025-01-16 11:45:23,HSR Layout,"MG Road, Bengaluru",4.63,95.95,4.4
200,2025-01-15 23:19:51,2025-01-15 23:32:51,Electronic City,BTM Layout,10.69,198.59,3.8
201,2025-01-10 17:05:39,2025-01-10 17:19:39,Marathahalli,Koramangala,20.26,468.13,3.4
202,2024-12-31 05:10:07,2024-12-31 05:41:07,Koramangala,"Whitefield, Bengaluru",4.85,73.44,3.7
203,2025-01-01 15:04:59,2025-01-01 15:42:59,Hebbal,Marathahalli,3.53,74.21,4.9
204,2025-01-03 05:56:16,2025-01-03 06:41:16,Marathahalli,"Whitefield, Bengaluru",23.53,363.53,3.9
205,2025-01-18 22:16:31,2025-01-18 22:43:31,Koramangala,"MG Road, Bengaluru",23.01,567.21,4.0
206,2025-01-12 20:25:29,2025-01-12 20:57:29,Yeshwanthpur,"Whitefield, Bengaluru",11.65,253.0,3.6
207,2024-12-31 13:09:59,2024-12-31 13:28:59,HSR Layout,Yeshwanthpur,9.79,168.69,3.8
208,2025-01-11 03:30:20,2025-01-11 03:54:20,Indiranagar,BTM Layout,13.55,292.99,3.6
209,2025-01-12 23:35:31,2025-01-13 00:00:31,HSR Layout,"MG Road, Bengaluru",17.97,441.25,4.8
210,2025-01-15 10:47:45,2025-01-15 11:45:45,Marathahalli,BTM Layout,16.88,289.87,4.8
211,2025-01-12 21:00:45,2025-01-12 21:25:45,Electronic City,Indiranagar,25.81,579.18,4.5
212,2025-01-24 03:47:21,2025-01-24 04:43:21,Marathahalli,Hebbal,25.9,550.15,5.0
213,2025-01-14 12:42:50,2025-01-14 13:05:50,Yeshwanthpur,Indiranagar,26.23,547.79,4.3
214,2025-01-09 11:16:07,2025-01-09 12:14:07,"MG Road, Bengaluru",BTM Layout,29.53,723.08,4.5
215,2025-01-03 23:39:39,2025-01-04 00:12:39,Indiranagar,BTM Layout,12.55,311.7,3.6
216,2024-12-29 18:38:04,2024-12-29 19:36:04,Hebbal,Indiranagar,8.28,125.62,4.9
217,2025-01-04 23:40:27,2025-01-05 00:31:27,Yeshwanthpur,Hebbal,10.85,185.78,4.0
218,2024-12-29 12:18:44,2024-12-29 13:13:44,Koramangala,Electronic City,17.66,360.05,4.1
219,2025-01-12 05:04:48,2025-01-12 05:14:48,Electronic City,Marathahalli,20.75,414.4,3.8
220,2024-12-30 04:40:10,2024-12-30 04:51:10,Hebbal,Marathahalli,3.35,62.52,4.5
221,2025-01-19 22:13:55,2025-01-19 22:59:55,Yeshwanthpur,"MG Road, Bengaluru",18.4,306.96,3.0
222,2024-12-30 00:21:54,2024-12-30 01:14:54,Electronic City,"MG Road, Bengaluru",15.44,274.84,4.8
223,2025-01-18 06:31:16,2025-01-18 07:00:16,Hebbal,Indiranagar,10.11,164.26,4.0
224,2025-01-01 21:58:39,2025-01-01 22:47:39,HSR Layout,Yeshwanthpur,5.19,129.02,4.2
225,2025-01-16 20:38:02,2025-01-16 21:23:02,Marathahalli,Koramangala,19.86,391.57,3.0
226,2025-01-05 21:38:40,2025-01-05 21:51:40,"Whitefield, Bengaluru",Electronic City,7.58,115.38,5.0
227,2025-01-11 07:53:37,2025-01-11 08:49:37,Yeshwanthpur,Koramangala,12.61,255.93,4.6
228,2025-01-27 03:24:53,2025-01-27 04:24:53,"Whitefield, Bengaluru",Electronic City,26.5,536.5,3.3
229,2025-01-07 13:41:51,2025-01-07 13:53:51,Yeshwanthpur,HSR Layout,24.88,434.76,4.2
230,2025-01-19 13:14:37,2025-01-19 13:37:37,Indiranagar,"MG Road, Bengaluru",12.98,268.96,4.6
231,2024-12-31 21:34:39,2024-12-31 22:26:39,"Whitefield, Bengaluru",Hebbal,16.19,290.62,4.9
232,2025-01-05 20:14:38,2025-01-05 21:00:38,HSR Layout,Marathahalli,7.97,133.69,3.9
233,2025-01-17 16:22:57,2025-01-17 16:33:57,Hebbal,HSR Layout,11.22,262.6,4.0
234,2025-01-26 04:44:16,2025-01-26 05:12:16,HSR Layout,"MG Road, Bengaluru",6.98,153.51,3.3
235,2025-01-24 15:19:28,2025-01-24 16:14:28,Yeshwanthpur,"MG Road, Bengaluru",26.11,486.42,3.5
236,2025-01-22 18:42:45,2025-01-22 19:15:45,Koramangala,HSR Layout,7.8,126.16,3.5
237,2025-01-18 14:39:16,2025-01-18 15:22:16,Marathahalli,Yeshwanthpur,8.9,202.04,4.4
238,2025-01-21 20:48:13,2025-01-21 21:03:13,"Whitefield, Bengaluru",Electronic City,27.64,660.71,4.9
239,2025-01-22 09:23:59,2025-01-22 09:50:59,BTM Layout,Yeshwanthpur,10.91,215.29,4.7
240,2025-01-22 22:44:43,2025-01-22 23:07:43,"MG Road, Bengaluru",Electronic City,17.51,419.57,3.4
241,2025-01-25 10:54:07,2025-01-25 11:17:07,Hebbal,HSR Layout,16.86,361.92,4.7
242,2025-01-15 18:14:21,2025-01-15 19:08:21,Yeshwanthpur,BTM Layout,5.9,97.94,3.1
243,2025-01-04 10:34:58,2025-01-04 10:53:58,"Whitefield, Bengaluru",Hebbal,21.78,333.44,3.1
244,2025-01-25 03:44:24,2025-01-25 04:02:24,HSR Layout,BTM Layout,4.28,83.55,4.1
245,2025-01-07 17:40:20,2025-01-07 18:26:20,"MG Road, Bengaluru",Indiranagar,7.94,123.27,3.2
246,2025-01-12 05:56:45,2025-01-12 06:06:45,Hebbal,Marathahalli,19.93,418.47,3.6
247,2025-01-03 03:23:26,2025-01-03 03:37:26,Electronic City,BTM Layout,12.01,226.78,4.6
248,2025-01-02 18:05:00,2025-01-02 18:28:00,Koramangala,BTM Layout,7.75,175.57,3.3
249,2025-01-18 06:52:16,2025-01-18 07:33:16,Electronic City,Hebbal,9.25,208.98,4.8
250,2025-01-03 14:45:21,2025-01-03 15:37:21,HSR Layout,Marathahalli,17.84,277.74,3.4
251,2025-01-05 17:51:01,2025-01-05 18:03:01,Marathahalli,Yeshwanthpur,8.17,144.89,4.6
252,2025-01-20 07:20:28,2025-01-20 08:17:28,Koramangala,HSR Layout,18.17,414.97,4.4
253,2024-12-29 16:20:28,2024-12-29 17:20:28,Indiranagar,"MG Road, Bengaluru",4.88,93.26,4.1
254,2025-01-26 18:51:56,2025-01-26 19:48:56,Koramangala,HSR Layout,13.88,263.06,5.0
255,2024-12-30 23:53:02,2024-12-31 00:18:02,Yeshwanthpur,Koramangala,29.02,673.09,4.5
256,2025-01-26 23:05:44,2025-01-26 23:51:44,BTM Layout,Hebbal,10.3,242.08,4.9
257,2025-01-13 01:25:14,2025-01-13 02:22:14,Yeshwanthpur,HSR Layout,26.88,463.6,4.2
258,2025-01-26 17:33:36,2025-01-26 18:32:36,Electronic City,HSR Layout,16.93,256.77,3.8
259,2025-01-17 18:03:47,2025-01-17 18:53:47,HSR Layout,Koramangala,21.31,332.78,3.8
260,2025-01-23 21:11:32,2025-01-23 22:05:32,"MG Road, Bengaluru","Whitefield, Bengaluru",17.09,362.92,4.1
261,2025-01-08 16:11:29,2025-01-08 16:29:29,Electronic City,BTM Layout,29.73,700.17,3.3
262,2025-01-27 04:44:18,2025-01-27 04:58:18,Koramangala,Marathahalli,26.97,466.22,3.4
263,2025-01-19 06:08:28,2025-01-19 06:32:28,HSR Layout,Electronic City,5.95,90.11,4.2
264,2025-01-01 11:53:54,2025-01-01 12:43:54,Koramangala,Yeshwanthpur,15.21,373.74,4.9
265,2025-01-01 07:51:08,2025-01-01 08:47:08,"MG Road, Bengaluru","Whitefield, Bengaluru",14.87,247.71,4.3
266,2024-12-30 01:59:40,2024-12-30 02:09:40,Indiranagar,Marathahalli,26.91,579.62,3.6
267,2025-01-25 19:30:42,2025-01-25 20:03:42,Electronic City,"MG Road, Bengaluru",29.06,602.37,4.1
268,2025-01-12 16:15:49,2025-01-12 16:55:49,HSR Layout,Koramangala,24.45,368.34,4.0
269,2025-01-07 13:07:31,2025-01-07 13:54:31,BTM Layout,Electronic City,6.89,127.43,4.3
270,2025-01-20 05:03:59,2025-01-20 05:40:59,Yeshwanthpur,Electronic City,29.84,687.85,3.8
271,2025-01-23 17:39:34,2025-01-23 18:23:34,Marathahalli,"MG Road, Bengaluru",28.48,664.79,4.0
272,2025-01-23 05:37:32,2025-01-23 06:22:32,Electronic City,Hebbal,17.05,302.9,3.8
273,2025-01-03 14:15:33,2025-01-03 15:04:33,"Whitefield, Bengaluru",Marathahalli,4.45,84.64,4.6
274,2025-01-16 20:58:56,2025-01-16 21:42:56,Marathahalli,Yeshwanthpur,13.61,270.6,3.3
275,2025-01-17 09:49:58,2025-01-17 10:44:58,Electronic City,Indiranagar,23.66,413.99,3.2
276,2025-01-08 22:57:03,2025-01-08 23:21:03,"MG Road, Bengaluru",Indiranagar,4.74,115.3,3.4
277,2025-01-04 12:17:02,2025-01-04 12:35:02,Yeshwanthpur,"Whitefield, Bengaluru",27.95,616.07,4.1
278,2025-01-19 13:11:45,2025-01-19 13:57:45,Marathahalli,"MG Road, Bengaluru",3.13,54.05,3.2
279,2025-01-06 17:57:53,2025-01-06 18:26:53,Marathahalli,Yeshwanthpur,15.05,306.1,4.8
280,2025-01-08 06:16:22,2025-01-08 06:56:22,"MG Road, Bengaluru",Marathahalli,12.96,270.3,3.4
281,2025-01-19 22:47:21,2025-01-19 22:58:21,Hebbal,"Whitefield, Bengaluru",16.39,335.43,3.1
282,2025-01-10 07:08:32,2025-01-10 07:20:32,Hebbal,HSR Layout,28.14,471.33,4.1
283,2025-01-11 15:54:34,2025-01-11 16:48:34,Koramangala,HSR Layout,9.06,215.97,4.7
284,2025-01-05 17:47:37,2025-01-05 18:09:37,"Whitefield, Bengaluru",Marathahalli,17.02,338.16,4.1
285,2025-01-09 07:35:55,2025-01-09 08:11:55,BTM Layout,"MG Road, Bengaluru",23.65,453.41,4.0
286,2025-01-26 18:15:03,2025-01-26 18:32:03,"MG Road, Bengaluru",BTM Layout,29.52,642.06,4.4
287,2025-01-22 06:50:17,2025-01-22 07:48:17,HSR Layout,Yeshwanthpur,22.71,449.61,3.5
288,2025-01-20 01:00:52,2025-01-20 01:17:52,BTM Layout,Koramangala,29.84,664.9,4.7
289,2025-01-19 16:55:22,2025-01-19 17:16:22,"Whitefield, Bengaluru",HSR Layout,27.36,463.01,4.9
290,2025-01-24 05:51:25,2025-01-24 06:39:25,BTM Layout,"Whitefield, Bengaluru",9.99,179.21,3.0
291,2025-01-25 09:46:39,2025-01-25 10:32:39,Indiranagar,"Whitefield, Bengaluru",3.32,59.25,3.3
292,2025-01-01 22:30:49,2025-01-01 22:59:49,"Whitefield, Bengaluru",Indiranagar,16.52,334.19,4.7
293,2025-01-20 12:23:47,2025-01-20 13:09:47,Indiranagar,Hebbal,4.12,84.07,3.8
294,2025-01-08 22:28:49,2025-01-08 22:49:49,Yeshwanthpur,Hebbal,7.81,131.17,4.5
295,2025-01-18 12:59:23,2025-01-18 13:48:23,Electronic City,Marathahalli,3.64,57.01,3.5
296,2025-01-19 20:25:59,2025-01-19 21:19:59,Koramangala,"Whitefield, Bengaluru",9.66,210.72,4.9
297,2025-01-02 16:07:10,2025-01-02 16:43:10,"MG Road, Bengaluru",Yeshwanthpur,15.24,230.12,3.2
298,2025-01-06 06:54:37,2025-01-06 07:45:37,Electronic City,HSR Layout,4.36,84.07,4.7
299,2025-01-26 15:46:19,2025-01-26 16:45:19,Koramangala,BTM Layout,24.56,392.49,4.3
300,2025-01-22 06:37:12,2025-01-22 07:21:12,Koramangala,HSR Layout,20.41,384.92,3.1
301,2025-01-17 01:44:12,2025-01-17 02:12:12,Indiranagar,Hebbal,23.9,550.83,4.8
302,2024-12-30 17:58:29,2024-12-30 18:14:29,Koramangala,Hebbal,21.73,485.04,4.1
303,2025-01-06 21:55:16,2025-01-06 22:20:16,"MG Road, Bengaluru",BTM Layout,10.84,268.34,3.9
304,2024-12-30 06:19:27,2024-12-30 07:09:27,Yeshwanthpur,Hebbal,24.6,428.18,3.7
305,2025-01-23 23:31:33,2025-01-24 00:22:33,"MG Road, Bengaluru",Indiranagar,18.24,405.86,4.6
306,2024-12-29 00:28:34,2024-12-29 00:47:34,Hebbal,Electronic City,3.66,66.19,3.6
307,2025-01-06 00:43:03,2025-01-06 01:43:03,Electronic City,HSR Layout,6.33,124.67,3.6
308,2024-12-29 00:59:19,2024-12-29 01:09:19,Indiranagar,Koramangala,28.91,610.75,3.0
309,2025-01-13 07:34:16,2025-01-13 08:18:16,HSR Layout,"MG Road, Bengaluru",20.95,443.4,4.8
310,2025-01-16 04:23:19,2025-01-16 04:49:19,Yeshwanthpur,BTM Layout,6.99,169.22,4.5
311,2025-01-06 06:52:27,2025-01-06 07:26:27,Indiranagar,Electronic City,5.07,108.08,3.3
312,2025-01-09 03:30:29,2025-01-09 03:40:29,"Whitefield, Bengaluru",Koramangala,6.78,138.82,4.7
313,2025-01-07 10:09:33,2025-01-07 10:24:33,Hebbal,Electronic City,13.89,211.97,3.4
314,2025-01-01 22:36:19,2025-01-01 23:16:19,Marathahalli,"MG Road, Bengaluru",8.24,182.41,4.8
315,2025-01-24 12:06:50,2025-01-24 12:47:50,Indiranagar,Yeshwanthpur,18.48,341.05,4.4
316,2024-12-29 18:09:00,2024-12-29 18:39:00,"Whitefield, Bengaluru","MG Road, Bengaluru",15.97,341.29,4.4
317,2025-01-01 00:18:18,2025-01-01 00:36:18,Indiranagar,Yeshwanthpur,10.2,244.09,4.1
318,2024-12-29 06:02:31,2024-12-29 06:56:31,Electronic City,Koramangala,19.02,341.33,3.5
319,2025-01-27 05:24:31,2025-01-27 05:53:31,Koramangala,Indiranagar,11.47,219.99,4.8
320,2025-01-02 04:35:06,2025-01-02 04:50:06,HSR Layout,Electronic City,9.48,152.63,4.1
321,2025-01-21 07:33:28,2025-01-21 08:18:28,Yeshwanthpur,Hebbal,24.8,397.08,4.9
322,2025-01-12 02:11:25,2025-01-12 03:04:25,Marathahalli,Hebbal,29.21,507.21,4.3
323,2025-01-09 06:24:56,2025-01-09 06:36:56,BTM Layout,Yeshwanthpur,15.28,344.62,5.0
324,2025-01-24 18:40:29,2025-01-24 19:19:29,Marathahalli,Indiranagar,7.31,163.11,4.1
325,2025-01-03 17:47:57,2025-01-03 18:23:57,Hebbal,Indiranagar,26.33,447.8,3.8
326,2025-01-17 02:32:35,2025-01-17 02:56:35,BTM Layout,Indiranagar,27.03,406.16,4.8
327,2025-01-15 02:51:15,2025-01-15 03:04:15,Yeshwanthpur,Marathahalli,3.87,64.29,3.2
328,2025-01-13 08:42:14,2025-01-13 09:22:14,Yeshwanthpur,Koramangala,27.89,612.1,4.2
329,2024-12-29 11:23:23,2024-12-29 11:56:23,Koramangala,BTM Layout,20.64,372.51,4.0
330,2024-12-29 04:31:09,2024-12-29 04:50:09,"MG Road, Bengaluru",Yeshwanthpur,18.56,282.15,3.7
331,2025-01-21 11:15:08,2025-01-21 12:14:08,HSR Layout,Electronic City,16.05,354.84,4.3
332,2025-01-15 13:38:57,2025-01-15 14:06:57,Indiranagar,BTM Layout,26.88,474.14,3.8
333,2025-01-01 15:21:54,2025-01-01 15:37:54,HSR Layout,"Whitefield, Bengaluru",28.03,700.61,4.9
334,2024-12-28 22:50:36,2024-12-28 23:21:36,BTM Layout,Koramangala,28.6,431.84,4.5
335,2025-01-24 13:17:43,2025-01-24 13:35:43,HSR Layout,Hebbal,28.22,528.63,3.9
336,2025-01-10 14:05:58,2025-01-10 14:49:58,HSR Layout,Marathahalli,7.73,126.11,3.7
337,2025-01-09 02:44:37,2025-01-09 02:59:37,Indiranagar,BTM Layout,27.09,659.94,4.5
338,2024-12-28 16:51:02,2024-12-28 17:45:02,"MG Road, Bengaluru","Whitefield, Bengaluru",5.9,138.95,3.1
339,2025-01-07 04:48:11,2025-01-07 05:43:11,BTM Layout,Indiranagar,12.37,279.38,4.1
340,2024-12-29 16:47:48,2024-12-29 16:57:48,Yeshwanthpur,Electronic City,12.73,224.19,3.4
341,2025-01-04 15:08:08,2025-01-04 15:44:08,"Whitefield, Bengaluru",Yeshwanthpur,25.93,455.34,3.8
342,2025-01-05 00:37:00,2025-01-05 01:15:00,Hebbal,"Whitefield, Bengaluru",25.67,518.6,4.3
343,2025-01-26 22:22:43,2025-01-26 23:05:43,HSR Layout,Hebbal,12.74,260.07,4.5
344,2025-01-25 20:14:05,2025-01-25 20:42:05,"Whitefield, Bengaluru",BTM Layout,12.46,308.26,3.2
345,2025-01-03 19:19:33,2025-01-03 20:15:33,"MG Road, Bengaluru",Indiranagar,19.23,306.57,3.4
346,2025-01-23 12:44:59,2025-01-23 13:39:59,Yeshwanthpur,Indiranagar,18.76,345.89,3.6
347,2025-01-23 20:26:01,2025-01-23 21:03:01,HSR Layout,BTM Layout,4.78,74.46,4.9
348,2025-01-18 18:54:17,2025-01-18 19:25:17,Electronic City,HSR Layout,24.33,453.16,3.8
349,2025-01-01 19:35:33,2025-01-01 20:24:33,HSR Layout,Hebbal,28.32,687.29,4.6
350,2025-01-21 19:06:46,2025-01-21 19:54:46,"MG Road, Bengaluru",Marathahalli,6.61,115.03,4.5
351,2025-01-01 12:15:46,2025-01-01 12:59:46,"Whitefield, Bengaluru","MG Road, Bengaluru",25.59,429.98,3.6
352,2025-01-09 15:25:58,2025-01-09 16:05:58,Marathahalli,Koramangala,29.72,647.46,4.9
353,2025-01-15 13:16:11,2025-01-15 13:35:11,Yeshwanthpur,HSR Layout,26.67,562.8,3.3
354,2025-01-16 02:32:26,2025-01-16 03:10:26,Koramangala,"MG Road, Bengaluru",28.55,682.3,3.6
355,2025-01-27 08:28:08,2025-01-27 08:44:08,Electronic City,Hebbal,14.39,278.7,4.3
356,2025-01-11 11:09:39,2025-01-11 12:08:39,"Whitefield, Bengaluru",Yeshwanthpur,14.82,299.28,3.5
357,2025-01-21 12:00:21,2025-01-21 12:32:21,Indiranagar,Electronic City,24.13,519.67,4.0
358,2025-01-17 06:29:50,2025-01-17 06:54:50,Hebbal,Indiranagar,28.22,501.0,4.3
359,2025-01-01 22:58:22,2025-01-01 23:53:22,"MG Road, Bengaluru",Yeshwanthpur,10.61,213.38,4.3
360,2025-01-02 13:41:41,2025-01-02 14:00:41,Koramangala,"Whitefield, Bengaluru",27.35,609.66,4.4
361,2025-01-27 06:02:38,2025-01-27 06:16:38,HSR Layout,Electronic City,13.95,236.31,4.2
362,2025-01-19 16:05:29,2025-01-19 16:42:29,Koramangala,"Whitefield, Bengaluru",19.48,413.96,3.7
363,2025-01-23 18:16:27,2025-01-23 19:06:27,BTM Layout,HSR Layout,12.43,245.45,4.6
364,2025-01-17 16:15:07,2025-01-17 16:41:07,"MG Road, Bengaluru",Electronic City,13.71,271.63,4.3
365,2025-01-16 14:27:36,2025-01-16 14:55:36,Hebbal,Marathahalli,12.2,234.4,3.9
366,2025-01-23 15:24:35,2025-01-23 15:46:35,Hebbal,Electronic City,29.8,458.84,3.5
367,2025-01-27 05:38:58,2025-01-27 06:38:58,Yeshwanthpur,Marathahalli,8.88,174.44,3.6
368,2025-01-20 21:01:48,2025-01-20 21:52:48,Yeshwanthpur,Koramangala,14.81,275.66,4.9
369,2025-01-09 21:57:01,2025-01-09 22:26:01,BTM Layout,Electronic City,25.84,541.77,3.6
370,2025-01-27 00:45:51,2025-01-27 01:33:51,Marathahalli,Hebbal,29.22,501.65,4.0
371,2025-01-15 10:09:51,2025-01-15 10:37:51,HSR Layout,Indiranagar,28.42,595.17,4.0
372,2025-01-04 17:46:28,2025-01-04 18:34:28,"Whitefield, Bengaluru",Yeshwanthpur,3.82,67.63,4.7
373,2025-01-19 20:54:06,2025-01-19 21:10:06,Marathahalli,Indiranagar,11.18,218.0,3.9
374,2025-01-01 14:35:57,2025-01-01 14:54:57,BTM Layout,Koramangala,16.91,360.49,4.7
375,2025-01-22 03:28:25,2025-01-22 04:25:25,Marathahalli,Koramangala,29.21,623.96,3.7
376,2025-01-08 17:26:34,2025-01-08 17:37:34,Yeshwanthpur,"Whitefield, Bengaluru",19.81,351.61,4.5
377,2025-01-03 04:58:11,2025-01-03 05:49:11,"Whitefield, Bengaluru",Electronic City,22.16,392.82,3.0
378,2025-01-26 03:12:05,2025-01-26 04:07:05,HSR Layout,Yeshwanthpur,16.65,253.64,3.2
379,2025-01-15 18:43:04,2025-01-15 19:05:04,Marathahalli,Electronic City,14.49,350.41,4.6
380,2025-01-15 01:49:40,2025-01-15 02:05:40,Electronic City,Yeshwanthpur,13.38,203.6,4.8
381,2025-01-07 02:52:10,2025-01-07 03:36:10,Hebbal,"Whitefield, Bengaluru",12.54,235.26,3.0
382,2025-01-23 10:02:42,2025-01-23 10:44:42,BTM Layout,Yeshwanthpur,18.24,326.08,3.5
383,2025-01-14 12:11:07,2025-01-14 13:01:07,Marathahalli,Hebbal,17.43,308.02,3.6
384,2025-01-06 21:15:34,2025-01-06 21:54:34,Hebbal,Yeshwanthpur,11.64,204.01,5.0
385,2025-01-19 02:23:11,2025-01-19 02:49:11,Hebbal,"Whitefield, Bengaluru",23.51,441.8,4.1
386,2025-01-26 13:59:20,2025-01-26 14:19:20,Marathahalli,"MG Road, Bengaluru",24.96,481.21,4.6
387,2025-01-02 19:49:45,2025-01-02 20:31:45,"Whitefield, Bengaluru",Electronic City,4.55,84.03,3.9
388,2025-01-09 20:50:28,2025-01-09 21:07:28,Yeshwanthpur,"MG Road, Bengaluru",15.0,374.54,4.8
389,2025-01-11 23:02:09,2025-01-11 23:33:09,Electronic City,BTM Layout,5.74,118.32,3.1
390,2025-01-06 16:30:45,2025-01-06 16:56:45,Electronic City,BTM Layout,25.01,509.31,4.4
391,2025-01-14 21:32:21,2025-01-14 21:56:21,"MG Road, Bengaluru",Yeshwanthpur,10.29,218.77,4.9
392,2024-12-30 03:08:46,2024-12-30 03:46:46,Hebbal,Yeshwanthpur,26.49,651.55,3.6
393,2025-01-06 15:23:46,2025-01-06 15:42:46,Hebbal,HSR Layout,12.9,240.54,3.7
394,2025-01-10 18:03:34,2025-01-10 18:54:34,BTM Layout,"MG Road, Bengaluru",14.43,263.87,3.8
395,2025-01-25 09:19:15,2025-01-25 10:14:15,Yeshwanthpur,"Whitefield, Bengaluru",5.99,129.76,4.5
396,2025-01-27 09:44:55,2025-01-27 10:00:55,HSR Layout,Hebbal,8.61,174.6,4.0
397,2025-01-18 05:54:52,2025-01-18 06:46:52,Koramangala,Electronic City,16.09,244.88,3.3
398,2025-01-07 09:40:03,2025-01-07 09:53:03,BTM Layout,Marathahalli,9.42,187.95,3.5
399,2025-01-02 13:45:17,2025-01-02 13:57:17,"Whitefield, Bengaluru",Koramangala,7.2,140.11,4.6
400,2025-01-23 15:06:49,2025-01-23 15:46:49,Yeshwanthpur,BTM Layout,27.62,485.53,3.1
401,2025-01-11 11:10:41,2025-01-11 11:38:41,BTM Layout,Koramangala,27.98,583.15,3.6
402,2025-01-13 12:22:49,2025-01-13 13:12:49,Koramangala,Electronic City,3.58,74.84,4.4
403,2025-01-03 21:58:27,2025-01-03 22:57:27,Koramangala,Electronic City,7.87,179.91,4.7
404,2025-01-19 17:26:22,2025-01-19 17:58:22,Yeshwanthpur,Koramangala,16.64,330.73,4.0
405,2025-01-13 02:04:19,2025-01-13 03:00:19,Electronic City,Hebbal,11.34,225.8,4.9
406,2025-01-20 09:20:16,2025-01-20 09:48:16,Koramangala,BTM Layout,5.95,108.63,3.6
407,2025-01-03 11:28:56,2025-01-03 12:23:56,BTM Layout,Indiranagar,3.8,68.23,3.1
408,2025-01-03 08:40:33,2025-01-03 09:32:33,Koramangala,Yeshwanthpur,17.07,383.22,4.1
409,2025-01-12 22:35:21,2025-01-12 23:11:21,Electronic City,"Whitefield, Bengaluru",20.36,470.8,3.3
410,2025-01-15 21:51:24,2025-01-15 22:30:24,Hebbal,"MG Road, Bengaluru",19.56,335.33,4.0
411,2025-01-24 16:10:17,2025-01-24 16:54:17,Hebbal,Indiranagar,6.99,158.8,3.9
412,2025-01-01 13:00:42,2025-01-01 13:46:42,BTM Layout,"Whitefield, Bengaluru",24.15,440.1,3.1
413,2025-01-07 05:33:12,2025-01-07 05:52:12,"Whitefield, Bengaluru",Hebbal,16.81,406.69,3.3
414,2025-01-11 13:54:33,2025-01-11 14:31:33,Electronic City,"MG Road, Bengaluru",20.45,485.31,3.8
415,2025-01-14 15:32:18,2025-01-14 15:55:18,HSR Layout,Koramangala,13.2,310.39,3.3
416,2025-01-24 13:18:22,2025-01-24 14:14:22,Marathahalli,Koramangala,18.1,289.02,3.1
417,2025-01-24 22:07:01,2025-01-24 22:52:01,BTM Layout,"Whitefield, Bengaluru",12.1,260.11,3.5
418,2025-01-05 09:25:51,2025-01-05 10:19:51,HSR Layout,"MG Road, Bengaluru",13.95,242.41,4.5
419,2025-01-24 10:24:53,2025-01-24 11:23:53,BTM Layout,Indiranagar,19.17,468.9,3.6
420,2025-01-02 14:32:00,2025-01-02 14:51:00,Yeshwanthpur,BTM Layout,16.44,296.24,3.1
421,2025-01-05 14:52:06,2025-01-05 15:16:06,Electronic City,"Whitefield, Bengaluru",10.69,164.64,4.4
422,2025-01-02 17:17:27,2025-01-02 18:08:27,Koramangala,Hebbal,19.99,310.21,3.3
423,2025-01-18 12:01:22,2025-01-18 12:21:22,Marathahalli,"Whitefield, Bengaluru",14.77,271.4,4.3
424,2025-01-26 20:28:48,2025-01-26 21:12:48,Yeshwanthpur,"Whitefield, Bengaluru",13.69,337.85,4.6
425,2024-12-30 04:21:24,2024-12-30 04:31:24,Marathahalli,Koramangala,27.05,489.59,4.0
426,2025-01-05 05:23:43,2025-01-05 05:55:43,HSR Layout,"MG Road, Bengaluru",27.07,656.57,4.8
427,2025-01-01 03:29:32,2025-01-01 04:25:32,Marathahalli,"Whitefield, Bengaluru",27.73,649.43,3.2
428,2025-01-16 08:40:55,2025-01-16 09:14:55,"MG Road, Bengaluru",Electronic City,5.29,116.46,3.7
429,2025-01-01 22:23:24,2025-01-01 22:43:24,Electronic City,Hebbal,21.32,484.11,4.0
430,2024-12-31 23:25:57,2025-01-01 00:20:57,Koramangala,Indiranagar,20.44,369.87,4.0
431,2025-01-13 11:14:44,2025-01-13 11:50:44,Hebbal,Indiranagar,10.26,214.35,4.9
432,2024-12-29 04:58:40,2024-12-29 05:30:40,"Whitefield, Bengaluru",Electronic City,9.97,237.01,3.7
433,2025-01-09 22:57:41,2025-01-09 23:08:41,Yeshwanthpur,HSR Layout,20.13,413.96,3.7
434,2025-01-13 22:04:42,2025-01-13 23:03:42,Indiranagar,HSR Layout,6.64,99.73,4.8
435,2025-01-08 20:09:27,2025-01-08 20:37:27,"Whitefield, Bengaluru",Electronic City,12.49,219.29,3.2
436,2025-01-24 10:40:45,2025-01-24 11:31:45,"Whitefield, Bengaluru",Marathahalli,21.85,361.41,3.6
437,2025-01-07 20:01:32,2025-01-07 20:43:32,Hebbal,HSR Layout,15.3,327.75,3.1
438,2025-01-19 00:16:26,2025-01-19 01:00:26,Marathahalli,"MG Road, Bengaluru",28.41,537.95,3.3
439,2025-01-05 00:05:04,2025-01-05 00:39:04,Hebbal,Yeshwanthpur,15.12,365.16,4.5
440,2024-12-29 10:03:38,2024-12-29 10:16:38,"Whitefield, Bengaluru",HSR Layout,15.47,278.77,3.7
441,2024-12-31 16:35:28,2024-12-31 17:19:28,Yeshwanthpur,"Whitefield, Bengaluru",6.99,116.22,3.1
442,2025-01-03 13:41:05,2025-01-03 14:22:05,HSR Layout,Yeshwanthpur,28.27,596.8,4.9
443,2025-01-12 09:37:06,2025-01-12 10:07:06,"MG Road, Bengaluru",HSR Layout,4.64,74.47,4.2
444,2025-01-14 17:44:37,2025-01-14 17:59:37,Electronic City,"MG Road, Bengaluru",27.65,619.87,4.2
445,2025-01-05 14:03:06,2025-01-05 14:34:06,BTM Layout,Hebbal,16.63,381.07,3.8
446,2025-01-15 23:16:30,2025-01-16 00:05:30,Yeshwanthpur,Marathahalli,22.93,422.32,4.0
447,2025-01-08 09:03:58,2025-01-08 09:53:58,Hebbal,"MG Road, Bengaluru",24.24,592.93,4.0
448,2025-01-25 23:56:23,2025-01-26 00:33:23,Marathahalli,Indiranagar,29.99,487.8,4.4
449,2024-12-31 15:12:34,2024-12-31 15:45:34,Koramangala,"Whitefield, Bengaluru",12.01,260.6,3.2
450,2025-01-06 16:53:33,2025-01-06 17:13:33,Koramangala,Hebbal,11.79,209.07,5.0
451,2025-01-20 21:52:25,2025-01-20 22:22:25,"MG Road, Bengaluru",Yeshwanthpur,12.59,246.23,4.7
452,2025-01-05 14:18:05,2025-01-05 15:18:05,Koramangala,Hebbal,23.15,488.78,3.9
453,2024-12-31 16:49:31,2024-12-31 17:20:31,"Whitefield, Bengaluru",Marathahalli,12.75,314.74,3.1
454,2025-01-13 04:52:41,2025-01-13 05:27:41,Yeshwanthpur,Electronic City,11.58,186.66,4.8
455,2025-01-05 02:52:17,2025-01-05 03:43:17,Indiranagar,BTM Layout,10.95,257.48,3.5
456,2025-01-03 01:20:13,2025-01-03 02:09:13,Marathahalli,"MG Road, Bengaluru",12.66,264.89,4.5
457,2025-01-02 09:09:06,2025-01-02 09:32:06,BTM Layout,Koramangala,13.45,229.78,3.4
458,2025-01-16 01:50:07,2025-01-16 02:27:07,"Whitefield, Bengaluru",Electronic City,7.96,162.93,3.4
459,2025-01-07 18:51:17,2025-01-07 19:35:17,Electronic City,Indiranagar,13.15,302.56,4.3
460,2025-01-19 04:57:31,2025-01-19 05:27:31,Electronic City,HSR Layout,9.55,215.48,3.9
461,2025-01-14 21:02:05,2025-01-14 21:26:05,Indiranagar,"Whitefield, Bengaluru",8.82,219.32,3.9
462,2025-01-03 07:48:41,2025-01-03 08:29:41,Marathahalli,BTM Layout,27.37,512.38,3.3
463,2025-01-13 23:23:35,2025-01-13 23:49:35,Marathahalli,HSR Layout,26.14,436.88,3.5
464,2024-12-29 16:30:37,2024-12-29 16:47:37,Yeshwanthpur,BTM Layout,25.72,563.88,4.9
465,2025-01-03 21:42:10,2025-01-03 21:59:10,"MG Road, Bengaluru",Hebbal,23.88,365.1,3.4
466,2025-01-22 05:48:06,2025-01-22 06:30:06,Electronic City,Marathahalli,27.27,556.94,3.8
467,2025-01-27 03:41:39,2025-01-27 04:40:39,Electronic City,BTM Layout,19.21,319.76,4.3
468,2025-01-08 02:28:46,2025-01-08 02:51:46,"Whitefield, Bengaluru",HSR Layout,21.21,417.04,5.0
469,2025-01-22 23:43:56,2025-01-23 00:16:56,"Whitefield, Bengaluru",Electronic City,7.35,121.51,3.5
470,2025-01-21 06:11:06,2025-01-21 07:10:06,"MG Road, Bengaluru",Hebbal,28.59,658.24,4.0
471,2024-12-29 19:33:59,2024-12-29 20:15:59,"Whitefield, Bengaluru",Electronic City,28.49,690.97,4.0
472,2025-01-20 11:54:24,2025-01-20 12:48:24,"Whitefield, Bengaluru",Yeshwanthpur,4.55,107.63,4.0
473,2025-01-20 08:02:06,2025-01-20 09:00:06,Koramangala,Electronic City,4.04,89.87,3.3
474,2025-01-14 08:02:43,2025-01-14 09:00:43,Indiranagar,Yeshwanthpur,23.77,507.21,3.8
475,2025-01-02 10:14:18,2025-01-02 10:53:18,"Whitefield, Bengaluru",Koramangala,25.59,540.63,3.5
476,2025-01-06 17:26:07,2025-01-06 18:25:07,Hebbal,Electronic City,21.87,543.38,4.8
477,2025-01-26 06:53:10,2025-01-26 07:18:10,Yeshwanthpur,HSR Layout,23.67,533.08,4.5
478,2025-01-12 18:20:50,2025-01-12 18:41:50,BTM Layout,Koramangala,9.22,176.15,4.0
479,2025-01-10 17:40:40,2025-01-10 18:15:40,Yeshwanthpur,Koramangala,12.25,283.75,3.3
480,2024-12-28 14:25:04,2024-12-28 15:07:04,Yeshwanthpur,"MG Road, Bengaluru",23.24,426.18,4.6
481,2025-01-22 14:49:52,2025-01-22 15:48:52,Yeshwanthpur,"Whitefield, Bengaluru",23.51,388.61,4.5
482,2025-01-04 00:48:33,2025-01-04 01:10:33,Koramangala,"MG Road, Bengaluru",25.32,387.03,3.7
483,2025-01-01 18:03:06,2025-01-01 18:40:06,Indiranagar,"MG Road, Bengaluru",25.04,554.83,3.4
484,2025-01-13 08:28:14,2025-01-13 09:23:14,BTM Layout,Indiranagar,6.33,156.12,3.4
485,2025-01-09 17:23:44,2025-01-09 18:22:44,BTM Layout,Hebbal,21.77,345.99,3.4
486,2024-12-30 16:39:37,2024-12-30 17:00:37,Indiranagar,Marathahalli,3.54,68.73,3.9
487,2025-01-19 16:14:31,2025-01-19 16:51:31,Hebbal,BTM Layout,22.26,525.71,3.4
488,2025-01-15 23:37:33,2025-01-16 00:00:33,Koramangala,Indiranagar,17.12,306.9,4.0
489,2025-01-08 14:58:41,2025-01-08 15:16:41,Yeshwanthpur,"Whitefield, Bengaluru",20.8,328.26,3.3
490,2025-01-07 13:45:46,2025-01-07 14:29:46,"MG Road, Bengaluru",Marathahalli,20.1,341.19,4.5
491,2025-01-01 00:02:06,2025-01-01 00:27:06,Koramangala,Indiranagar,10.9,173.25,3.2
492,2025-01-05 18:30:00,2025-01-05 19:15:00,Koramangala,Marathahalli,5.52,119.55,3.5
493,2025-01-18 01:09:33,2025-01-18 01:54:33,Marathahalli,Yeshwanthpur,3.47,76.6,4.2
494,2025-01-11 19:05:19,2025-01-11 19:52:19,"Whitefield, Bengaluru",Yeshwanthpur,12.98,263.68,4.6
495,2025-01-01 01:09:57,2025-01-01 01:54:57,Koramangala,Yeshwanthpur,22.25,360.28,4.2
496,2025-01-03 19:32:14,2025-01-03 19:43:14,HSR Layout,"Whitefield, Bengaluru",22.13,525.07,4.1
497,2025-01-21 15:20:12,2025-01-21 15:43:12,BTM Layout,Marathahalli,11.99,296.61,3.8
498,2025-01-15 19:09:52,2025-01-15 19:35:52,Indiranagar,Koramangala,17.14,340.32,4.0
499,2025-01-17 00:06:24,2025-01-17 00:23:24,Koramangala,"Whitefield, Bengaluru",11.87,200.27,4.7
500,2025-01-11 22:46:39,2025-01-11 23:05:39,HSR Layout,Indiranagar,19.76,458.43,3.1
501,2025-01-27 07:48:23,2025-01-27 08:09:23,"MG Road, Bengaluru",Yeshwanthpur,9.96,207.27,4.0
502,2024-12-30 22:47:21,2024-12-30 23:45:21,Yeshwanthpur,"Whitefield, Bengaluru",15.05,305.64,3.9
503,2024-12-31 22:47:50,2024-12-31 23:04:50,Marathahalli,Koramangala,20.03,442.84,4.8
504,2025-01-26 06:13:17,2025-01-26 06:55:17,BTM Layout,HSR Layout,11.78,247.55,4.8
505,2025-01-03 06:06:07,2025-01-03 06:19:07,Marathahalli,Yeshwanthpur,29.12,574.61,3.1
506,2025-01-02 05:36:16,2025-01-02 06:27:16,Hebbal,BTM Layout,18.35,333.98,3.3
507,2025-01-23 18:30:01,2025-01-23 18:47:01,HSR Layout,"MG Road, Bengaluru",21.16,363.8,4.6
508,2024-12-30 08:34:53,2024-12-30 09:12:53,HSR Layout,Electronic City,12.14,271.0,3.6
509,2025-01-05 04:09:25,2025-01-05 05:07:25,"Whitefield, Bengaluru","MG Road, Bengaluru",14.51,346.53,3.3
510,2025-01-24 20:16:30,2025-01-24 21:02:30,Yeshwanthpur,"MG Road, Bengaluru",26.67,472.44,4.5
511,2025-01-24 14:28:00,2025-01-24 15:13:00,Electronic City,"MG Road, Bengaluru",20.36,398.17,3.5
512,2025-01-15 15:11:45,2025-01-15 16:02:45,BTM Layout,"MG Road, Bengaluru",14.88,325.84,5.0
513,2025-01-21 05:05:58,2025-01-21 05:20:58,Electronic City,"Whitefield, Bengaluru",18.76,308.22,4.1
514,2025-01-22 06:12:12,2025-01-22 06:36:12,Yeshwanthpur,Indiranagar,5.4,116.11,3.1
515,2025-01-18 05:21:42,2025-01-18 06:09:42,Koramangala,HSR Layout,6.7,139.34,4.1
516,2024-12-28 20:55:44,2024-12-28 21:09:44,"MG Road, Bengaluru",Electronic City,13.5,215.06,3.7
517,2025-01-17 23:24:30,2025-01-18 00:23:30,Marathahalli,Electronic City,14.88,283.67,3.9
518,2025-01-17 00:48:43,2025-01-17 01:11:43,"Whitefield, Bengaluru",Marathahalli,20.05,405.72,3.6
519,2025-01-03 01:28:06,2025-01-03 02:11:06,"MG Road, Bengaluru","Whitefield, Bengaluru",28.82,655.72,3.5
520,2024-12-31 22:16:10,2024-12-31 22:56:10,Hebbal,HSR Layout,26.42,627.69,4.5
521,2025-01-01 23:17:22,2025-01-02 00:11:22,BTM Layout,HSR Layout,28.16,665.39,4.7
522,2025-01-06 00:36:36,2025-01-06 01:07:36,Hebbal,Marathahalli,23.11,404.38,4.4
523,2025-01-16 17:03:13,2025-01-16 17:21:13,Indiranagar,"Whitefield, Bengaluru",3.52,81.29,3.8
524,2025-01-18 14:04:50,2025-01-18 14:42:50,Yeshwanthpur,"Whitefield, Bengaluru",20.05,396.68,3.2
525,2025-01-20 12:07:55,2025-01-20 12:37:55,Yeshwanthpur,"MG Road, Bengaluru",22.82,407.09,4.2
526,2025-01-21 05:04:49,2025-01-21 05:17:49,Hebbal,Marathahalli,16.02,395.81,3.9
527,2025-01-02 21:07:33,2025-01-02 21:54:33,BTM Layout,Hebbal,19.32,349.78,4.9
528,2025-01-10 23:17:01,2025-01-11 00:04:01,Hebbal,Yeshwanthpur,19.11,295.35,3.8
529,2025-01-24 10:28:36,2025-01-24 11:12:36,Hebbal,Indiranagar,28.33,438.77,4.2
530,2025-01-26 01:27:51,2025-01-26 01:41:51,Marathahalli,Indiranagar,23.62,539.24,3.7
531,2025-01-08 06:04:23,2025-01-08 06:18:23,Marathahalli,Electronic City,14.6,311.91,4.2
532,2025-01-21 01:51:32,2025-01-21 02:07:32,Hebbal,Koramangala,24.45,607.68,5.0
533,2024-12-29 17:20:03,2024-12-29 18:20:03,Indiranagar,Koramangala,25.67,514.88,3.7
534,2025-01-25 22:42:17,2025-01-25 22:56:17,BTM Layout,"Whitefield, Bengaluru",19.27,376.55,3.7
535,2025-01-05 05:54:09,2025-01-05 06:29:09,Electronic City,"Whitefield, Bengaluru",13.2,248.24,3.4
536,2025-01-25 08:35:59,2025-01-25 08:57:59,Koramangala,Indiranagar,8.94,214.79,3.7
537,2025-01-15 04:21:44,2025-01-15 05:02:44,Koramangala,Marathahalli,14.21,284.21,3.7
538,2024-12-31 23:55:18,2025-01-01 00:42:18,Marathahalli,HSR Layout,29.11,456.92,3.4
539,2025-01-08 19:43:35,2025-01-08 20:01:35,HSR Layout,BTM Layout,17.76,361.66,3.9
540,2025-01-17 11:01:42,2025-01-17 11:58:42,HSR Layout,Koramangala,20.4,378.22,4.1
541,2025-01-09 04:42:26,2025-01-09 05:19:26,HSR Layout,Electronic City,11.74,230.95,4.4
542,2025-01-13 18:13:22,2025-01-13 18:24:22,HSR Layout,"Whitefield, Bengaluru",23.13,515.33,3.9
543,2025-01-18 04:48:20,2025-01-18 05:37:20,Koramangala,"Whitefield, Bengaluru",19.75,397.09,3.9
544,2025-01-25 15:57:58,2025-01-25 16:21:58,Yeshwanthpur,Hebbal,23.99,423.94,5.0
545,2025-01-24 12:21:14,2025-01-24 12:54:14,Marathahalli,Hebbal,4.28,74.74,4.8
546,2024-12-31 10:08:33,2024-12-31 10:41:33,"MG Road, Bengaluru",Yeshwanthpur,20.96,385.04,4.6
547,2025-01-01 01:47:14,2025-01-01 02:03:14,HSR Layout,Indiranagar,6.56,116.09,4.9
548,2025-01-03 09:32:23,2025-01-03 09:58:23,Yeshwanthpur,Hebbal,24.78,529.93,4.6
549,2025-01-11 16:28:04,2025-01-11 16:46:04,Marathahalli,Indiranagar,27.64,551.35,4.9
550,2025-01-14 13:21:07,2025-01-14 13:44:07,Koramangala,"Whitefield, Bengaluru",7.28,162.48,4.4
551,2025-01-02 08:24:24,2025-01-02 08:58:24,Electronic City,"MG Road, Bengaluru",23.33,551.04,4.1
552,2025-01-11 18:02:46,2025-01-11 18:21:46,HSR Layout,Koramangala,23.76,387.0,3.0
553,2025-01-04 06:46:27,2025-01-04 07:10:27,Electronic City,Koramangala,18.26,455.71,3.1
554,2024-12-30 11:39:13,2024-12-30 12:14:13,Marathahalli,"MG Road, Bengaluru",27.6,606.36,3.5
555,2025-01-16 02:09:33,2025-01-16 02:21:33,Yeshwanthpur,BTM Layout,24.87,607.22,4.6
556,2025-01-25 17:47:02,2025-01-25 18:02:02,"Whitefield, Bengaluru",Yeshwanthpur,16.81,387.33,4.8
557,2024-12-29 10:38:43,2024-12-29 10:50:43,BTM Layout,Koramangala,24.47,561.77,3.3
558,2025-01-19 20:30:37,2025-01-19 21:30:37,"MG Road, Bengaluru",HSR Layout,24.27,479.97,3.3
559,2025-01-04 15:49:14,2025-01-04 16:01:14,"MG Road, Bengaluru",BTM Layout,19.79,418.27,4.9
560,2025-01-24 22:49:25,2025-01-24 23:08:25,Yeshwanthpur,Koramangala,13.38,323.97,3.6
561,2025-01-09 21:53:00,2025-01-09 22:35:00,Hebbal,Electronic City,29.17,468.31,3.5
562,2025-01-23 08:36:35,2025-01-23 09:22:35,Yeshwanthpur,BTM Layout,4.59,75.99,4.2
563,2025-01-11 15:53:33,2025-01-11 16:04:33,Indiranagar,HSR Layout,19.22,451.33,3.2
564,2025-01-17 06:54:00,2025-01-17 07:35:00,Marathahalli,Hebbal,15.03,309.59,4.7
565,2025-01-02 15:24:11,2025-01-02 15:55:11,Koramangala,Hebbal,16.12,378.7,3.9
566,2025-01-11 04:48:44,2025-01-11 05:38:44,Marathahalli,"Whitefield, Bengaluru",17.23,382.08,3.3
567,2025-01-20 11:28:10,2025-01-20 12:21:10,Indiranagar,"MG Road, Bengaluru",6.9,141.29,3.0
568,2024-12-30 07:26:31,2024-12-30 08:20:31,Indiranagar,"Whitefield, Bengaluru",13.66,243.03,4.6
569,2025-01-06 06:46:50,2025-01-06 07:20:50,Koramangala,HSR Layout,14.06,292.27,4.8
570,2025-01-16 04:10:28,2025-01-16 05:03:28,Hebbal,BTM Layout,22.92,415.42,5.0
571,2024-12-31 13:52:45,2024-12-31 14:11:45,"MG Road, Bengaluru",Hebbal,19.39,403.57,4.5
572,2025-01-17 20:24:45,2025-01-17 20:53:45,Koramangala,BTM Layout,6.49,145.68,3.0
573,2025-01-14 04:45:22,2025-01-14 04:59:22,"Whitefield, Bengaluru",Hebbal,3.82,76.87,4.7
574,2025-01-03 10:36:24,2025-01-03 10:51:24,HSR Layout,Indiranagar,14.63,261.33,3.5
575,2025-01-10 09:01:57,2025-01-10 09:25:57,Yeshwanthpur,Electronic City,26.3,616.01,4.6
576,2025-01-27 03:17:20,2025-01-27 03:39:20,Yeshwanthpur,Marathahalli,20.38,381.36,4.0
577,2025-01-24 11:17:57,2025-01-24 11:39:57,"MG Road, Bengaluru",BTM Layout,12.64,215.89,5.0
578,2025-01-22 15:17:28,2025-01-22 16:15:28,BTM Layout,Electronic City,5.03,124.78,4.7
579,2025-01-15 21:47:04,2025-01-15 22:22:04,HSR Layout,Electronic City,24.32,478.63,4.8
580,2025-01-10 12:52:24,2025-01-10 13:09:24,Indiranagar,"Whitefield, Bengaluru",15.73,308.21,4.3
581,2025-01-01 15:54:52,2025-01-01 16:08:52,Koramangala,HSR Layout,26.38,456.23,4.1
582,2025-01-06 04:33:48,2025-01-06 04:53:48,Koramangala,Indiranagar,17.97,417.02,4.3
583,2025-01-25 22:54:38,2025-01-25 23:21:38,"MG Road, Bengaluru",Yeshwanthpur,11.9,218.36,3.7
584,2025-01-23 17:09:46,2025-01-23 18:09:46,"MG Road, Bengaluru",Hebbal,15.93,325.16,4.1
585,2025-01-14 19:53:34,2025-01-14 20:41:34,Electronic City,"Whitefield, Bengaluru",18.91,292.04,3.3
586,2025-01-05 02:04:47,2025-01-05 03:04:47,Electronic City,Marathahalli,24.28,440.06,4.3
587,2025-01-12 19:09:08,2025-01-12 20:06:08,"Whitefield, Bengaluru",HSR Layout,20.77,418.63,4.1
588,2025-01-10 10:32:23,2025-01-10 11:06:23,Electronic City,"MG Road, Bengaluru",18.17,443.85,3.7
589,2025-01-23 11:53:41,2025-01-23 12:53:41,HSR Layout,Electronic City,15.31,356.42,4.7
590,2025-01-12 15:09:31,2025-01-12 16:05:31,Indiranagar,"MG Road, Bengaluru",4.97,100.47,4.1
591,2025-01-09 08:01:16,2025-01-09 08:48:16,Marathahalli,HSR Layout,15.81,278.18,3.2
592,2025-01-24 19:48:42,2025-01-24 20:08:42,HSR Layout,Koramangala,7.46,172.74,3.3
593,2025-01-13 02:42:13,2025-01-13 03:08:13,Indiranagar,Hebbal,13.69,269.96,3.2
594,2025-01-01 12:24:36,2025-01-01 13:22:36,Marathahalli,Indiranagar,13.24,241.43,3.0
595,2025-01-14 10:54:05,2025-01-14 11:11:05,"Whitefield, Bengaluru",BTM Layout,16.1,338.63,3.7
596,2025-01-05 11:53:35,2025-01-05 12:49:35,Koramangala,"MG Road, Bengaluru",13.99,317.03,4.7
597,2025-01-11 06:12:25,2025-01-11 07:02:25,Electronic City,"MG Road, Bengaluru",3.53,75.91,3.5
598,2025-01-14 04:39:09,2025-01-14 04:59:09,Marathahalli,Yeshwanthpur,18.76,314.72,3.0
599,2025-01-06 23:22:22,2025-01-06 23:48:22,HSR Layout,Hebbal,24.28,409.49,4.0
600,2025-01-02 15:32:56,2025-01-02 16:17:56,"Whitefield, Bengaluru",Marathahalli,4.09,68.09,3.1
601,2025-01-03 22:46:47,2025-01-03 23:34:47,Koramangala,Yeshwanthpur,11.5,286.66,4.3
602,2025-01-19 15:56:32,2025-01-19 16:51:32,"MG Road, Bengaluru",Yeshwanthpur,6.91,128.25,4.9
603,2025-01-13 05:56:53,2025-01-13 06:53:53,Hebbal,Indiranagar,21.83,532.34,4.1
604,2025-01-15 07:27:26,2025-01-15 08:05:26,"Whitefield, Bengaluru",HSR Layout,5.21,85.03,4.7
605,2025-01-24 02:04:21,2025-01-24 02:21:21,Hebbal,BTM Layout,27.05,619.63,4.0
606,2025-01-22 22:21:04,2025-01-22 22:58:04,Electronic City,Marathahalli,28.8,654.34,5.0
607,2025-01-14 14:57:20,2025-01-14 15:33:20,Hebbal,BTM Layout,29.88,716.88,3.4
608,2025-01-10 05:32:14,2025-01-10 06:13:14,Yeshwanthpur,Koramangala,4.63,78.29,3.6
609,2025-01-14 21:00:36,2025-01-14 21:14:36,Hebbal,BTM Layout,17.58,339.22,4.3
610,2025-01-09 00:56:21,2025-01-09 01:08:21,"MG Road, Bengaluru",Yeshwanthpur,10.17,173.01,4.3
611,2024-12-31 23:54:24,2025-01-01 00:31:24,"Whitefield, Bengaluru",Yeshwanthpur,27.05,634.37,4.7
612,2025-01-01 22:47:40,2025-01-01 23:23:40,Indiranagar,Marathahalli,28.31,505.37,4.0
613,2025-01-02 11:25:15,2025-01-02 11:47:15,HSR Layout,Hebbal,13.06,274.87,3.4
614,2025-01-16 01:02:15,2025-01-16 01:13:15,"MG Road, Bengaluru",Yeshwanthpur,7.05,140.38,3.8
615,2025-01-19 16:33:06,2025-01-19 16:57:06,"MG Road, Bengaluru",HSR Layout,26.88,462.6,3.7
616,2025-01-22 04:36:46,2025-01-22 05:27:46,Yeshwanthpur,HSR Layout,19.9,421.75,3.9
617,2025-01-20 06:21:56,2025-01-20 07:04:56,Hebbal,HSR Layout,16.17,264.54,4.4
618,2025-01-19 06:07:10,2025-01-19 06:23:10,Hebbal,HSR Layout,12.62,250.03,3.8
619,2025-01-12 12:08:22,2025-01-12 13:00:22,Koramangala,HSR Layout,19.57,394.7,4.6
620,2025-01-05 13:25:43,2025-01-05 13:42:43,HSR Layout,Hebbal,24.83,566.98,3.0
621,2025-01-06 22:09:33,2025-01-06 22:58:33,BTM Layout,Marathahalli,29.07,640.57,4.0
622,2025-01-22 03:50:37,2025-01-22 04:07:37,HSR Layout,BTM Layout,20.6,474.24,4.5
623,2024-12-29 01:47:23,2024-12-29 02:26:23,Hebbal,Yeshwanthpur,16.92,374.65,3.3
624,2025-01-04 06:15:57,2025-01-04 06:28:57,Koramangala,Indiranagar,21.97,400.7,4.1
625,2025-01-16 18:39:27,2025-01-16 19:23:27,"MG Road, Bengaluru",Marathahalli,21.14,358.77,3.2
626,2024-12-28 20:45:10,2024-12-28 21:28:10,HSR Layout,Koramangala,9.96,162.47,3.2
627,2025-01-21 06:40:03,2025-01-21 06:52:03,Marathahalli,Indiranagar,21.34,385.24,3.2
628,2025-01-03 00:25:10,2025-01-03 01:16:10,BTM Layout,Koramangala,11.02,249.66,3.1
629,2025-01-21 14:22:09,2025-01-21 14:41:09,Hebbal,Koramangala,6.95,172.73,3.2
630,2025-01-20 04:06:15,2025-01-20 05:03:15,HSR Layout,BTM Layout,15.3,324.71,4.2
631,2025-01-26 11:17:59,2025-01-26 12:10:59,Electronic City,Yeshwanthpur,29.99,628.36,4.9
632,2024-12-31 17:47:57,2024-12-31 18:30:57,Yeshwanthpur,"MG Road, Bengaluru",26.87,615.87,3.4
633,2024-12-30 08:43:34,2024-12-30 09:02:34,Marathahalli,HSR Layout,25.41,620.31,3.3
634,2025-01-11 17:43:38,2025-01-11 18:31:38,Indiranagar,"MG Road, Bengaluru",22.46,363.43,4.1
635,2025-01-11 09:34:01,2025-01-11 09:45:01,Yeshwanthpur,Indiranagar,22.57,407.51,3.8
636,2025-01-17 12:25:19,2025-01-17 12:44:19,Koramangala,Hebbal,5.57,102.43,3.5
637,2025-01-22 15:20:05,2025-01-22 15:44:05,Koramangala,Indiranagar,24.53,454.19,3.4
638,2025-01-21 07:14:45,2025-01-21 07:35:45,Koramangala,HSR Layout,18.18,444.66,3.1
639,2025-01-01 15:25:06,2025-01-01 16:20:06,"MG Road, Bengaluru","Whitefield, Bengaluru",19.84,309.94,3.6
640,2025-01-25 08:00:03,2025-01-25 08:45:03,"MG Road, Bengaluru",BTM Layout,19.07,457.79,3.7
641,2025-01-24 11:03:52,2025-01-24 11:46:52,Hebbal,Koramangala,20.62,458.69,4.6
642,2025-01-07 22:06:08,2025-01-07 23:00:08,BTM Layout,Yeshwanthpur,15.18,275.72,3.9
643,2025-01-24 00:00:10,2025-01-24 00:36:10,Koramangala,Hebbal,5.12,109.42,4.0
644,2025-01-25 11:45:06,2025-01-25 12:25:06,Hebbal,Electronic City,8.06,140.35,3.6
645,2025-01-05 12:07:47,2025-01-05 12:59:47,BTM Layout,Yeshwanthpur,21.39,502.39,4.8
646,2025-01-03 10:24:19,2025-01-03 11:09:19,"MG Road, Bengaluru",Koramangala,5.25,101.45,3.9
647,2025-01-05 00:19:30,2025-01-05 00:39:30,Koramangala,Marathahalli,19.11,424.34,3.6
648,2025-01-20 12:31:50,2025-01-20 13:06:50,BTM Layout,Marathahalli,20.14,334.41,4.5
649,2025-01-19 23:48:12,2025-01-20 00:11:12,Yeshwanthpur,Koramangala,12.88,250.51,4.9
650,2025-01-26 02:22:44,2025-01-26 03:16:44,Yeshwanthpur,Hebbal,25.78,478.44,3.6
651,2025-01-25 17:26:45,2025-01-25 17:37:45,BTM Layout,"MG Road, Bengaluru",7.48,161.06,3.4
652,2024-12-29 07:48:14,2024-12-29 08:17:14,Hebbal,"Whitefield, Bengaluru",6.83,108.83,3.2
653,2025-01-17 01:56:43,2025-01-17 02:31:43,Indiranagar,"MG Road, Bengaluru",15.66,308.48,3.0
654,2025-01-01 02:41:04,2025-01-01 03:10:04,Hebbal,BTM Layout,27.89,599.21,4.1
655,2025-01-04 02:40:05,2025-01-04 03:30:05,Indiranagar,"MG Road, Bengaluru",25.52,478.19,3.2
656,2025-01-21 15:45:03,2025-01-21 16:44:03,"MG Road, Bengaluru",Yeshwanthpur,23.87,537.37,3.9
657,2025-01-12 06:39:06,2025-01-12 07:07:06,"Whitefield, Bengaluru","MG Road, Bengaluru",17.41,281.06,3.6
658,2025-01-20 04:47:58,2025-01-20 05:17:58,BTM Layout,"Whitefield, Bengaluru",19.63,298.17,3.4
659,2025-01-01 04:53:32,2025-01-01 05:48:32,HSR Layout,"MG Road, Bengaluru",5.88,145.46,3.5
660,2025-01-06 09:01:04,2025-01-06 09:34:04,Indiranagar,BTM Layout,8.54,143.59,3.7
661,2025-01-08 18:55:50,2025-01-08 19:50:50,"MG Road, Bengaluru","Whitefield, Bengaluru",5.02,83.8,4.3
662,2025-01-21 20:44:07,2025-01-21 21:13:07,Indiranagar,HSR Layout,15.61,262.7,3.1
663,2025-01-20 07:48:29,2025-01-20 08:20:29,Indiranagar,Yeshwanthpur,12.63,240.01,4.1
664,2025-01-17 08:09:08,2025-01-17 08:49:08,Koramangala,"Whitefield, Bengaluru",6.0,90.03,4.1
665,2025-01-05 03:03:46,2025-01-05 03:30:46,HSR Layout,Marathahalli,14.02,233.56,4.0
666,2025-01-18 09:01:00,2025-01-18 09:51:00,Hebbal,"MG Road, Bengaluru",11.69,264.53,3.8
667,2025-01-13 02:48:30,2025-01-13 03:25:30,HSR Layout,Electronic City,16.65,276.51,4.7
668,2025-01-06 13:16:45,2025-01-06 13:41:45,Koramangala,"MG Road, Bengaluru",7.98,152.98,4.5
669,2025-01-19 10:33:36,2025-01-19 11:07:36,BTM Layout,Indiranagar,23.97,582.97,3.2
670,2024-12-29 19:16:31,2024-12-29 19:44:31,Marathahalli,Koramangala,16.63,254.32,3.3
671,2025-01-25 04:34:03,2025-01-25 05:06:03,Electronic City,Marathahalli,17.36,275.97,5.0
672,2025-01-16 02:27:24,2025-01-16 03:25:24,Koramangala,BTM Layout,12.58,311.96,3.6
673,2025-01-23 21:56:24,2025-01-23 22:26:24,"Whitefield, Bengaluru",Yeshwanthpur,8.84,167.51,4.9
674,2025-01-14 02:55:24,2025-01-14 03:45:24,BTM Layout,Hebbal,4.45,103.22,4.5
675,2025-01-03 17:50:11,2025-01-03 18:33:11,Indiranagar,"MG Road, Bengaluru",19.3,421.91,3.7
676,2025-01-05 23:02:55,2025-01-05 23:28:55,Indiranagar,HSR Layout,15.15,284.24,5.0
677,2024-12-31 17:32:53,2024-12-31 18:17:53,"MG Road, Bengaluru","Whitefield, Bengaluru",26.02,615.23,4.3
678,2025-01-10 15:45:58,2025-01-10 16:13:58,Marathahalli,"MG Road, Bengaluru",19.29,457.07,4.1
679,2025-01-08 21:58:08,2025-01-08 22:18:08,Electronic City,Koramangala,9.86,162.68,4.7
680,2025-01-04 01:34:12,2025-01-04 02:15:12,BTM Layout,Hebbal,21.09,440.68,3.5
681,2025-01-02 12:59:48,2025-01-02 13:14:48,"MG Road, Bengaluru","Whitefield, Bengaluru",25.51,546.53,3.4
682,2025-01-15 12:35:44,2025-01-15 13:05:44,HSR Layout,Indiranagar,20.84,331.4,4.7
683,2025-01-11 05:47:36,2025-01-11 06:43:36,Yeshwanthpur,Koramangala,18.22,392.64,3.2
684,2025-01-19 14:37:04,2025-01-19 15:18:04,Indiranagar,Yeshwanthpur,8.09,189.04,3.5
685,2025-01-11 21:49:24,2025-01-11 22:05:24,Koramangala,"MG Road, Bengaluru",18.79,285.62,4.7
686,2025-01-01 23:36:14,2025-01-01 23:55:14,"Whitefield, Bengaluru",Indiranagar,3.99,96.62,4.4
687,2025-01-19 23:55:00,2025-01-20 00:33:00,BTM Layout,Yeshwanthpur,24.49,390.52,3.7
688,2025-01-09 07:27:25,2025-01-09 07:43:25,HSR Layout,Electronic City,5.42,87.15,3.4
689,2025-01-12 03:03:33,2025-01-12 03:20:33,Electronic City,Indiranagar,5.86,96.97,4.6
690,2025-01-17 08:47:06,2025-01-17 09:33:06,Yeshwanthpur,BTM Layout,27.45,640.46,4.8
691,2025-01-24 05:40:51,2025-01-24 06:18:51,Indiranagar,Hebbal,16.27,368.09,3.4
692,2025-01-01 20:42:32,2025-01-01 21:00:32,"MG Road, Bengaluru",Marathahalli,9.85,167.34,3.6
693,2025-01-17 14:57:05,2025-01-17 15:41:05,Marathahalli,"Whitefield, Bengaluru",6.09,107.43,4.7
694,2024-12-29 19:27:06,2024-12-29 19:44:06,HSR Layout,BTM Layout,8.94,180.26,4.4
695,2025-01-11 07:25:20,2025-01-11 07:39:20,HSR Layout,"Whitefield, Bengaluru",24.81,431.13,4.2
696,2025-01-04 10:29:43,2025-01-04 10:44:43,Hebbal,Marathahalli,10.38,183.62,4.8
697,2025-01-17 03:41:34,2025-01-17 04:11:34,BTM Layout,Electronic City,19.57,391.68,3.6
698,2025-01-20 07:16:16,2025-01-20 07:26:16,Yeshwanthpur,"MG Road, Bengaluru",23.49,582.59,3.1
699,2025-01-20 13:58:03,2025-01-20 14:53:03,BTM Layout,Koramangala,24.34,568.43,4.9
700,2024-12-29 22:07:00,2024-12-29 22:17:00,"MG Road, Bengaluru",Yeshwanthpur,12.5,265.98,3.7
701,2025-01-05 06:50:20,2025-01-05 07:41:20,Indiranagar,Electronic City,22.63,465.08,3.6
702,2025-01-14 21:37:22,2025-01-14 22:25:22,Marathahalli,HSR Layout,17.91,273.55,3.8
703,2025-01-21 05:39:47,2025-01-21 06:16:47,Electronic City,HSR Layout,26.25,561.85,4.1
704,2025-01-24 08:06:03,2025-01-24 08:25:03,Marathahalli,HSR Layout,28.36,634.58,3.3
705,2025-01-05 23:26:47,2025-01-05 23:41:47,Marathahalli,"Whitefield, Bengaluru",15.08,291.61,3.5
706,2025-01-05 17:51:50,2025-01-05 18:08:50,"Whitefield, Bengaluru",Marathahalli,22.32,525.52,3.8
707,2025-01-26 21:30:17,2025-01-26 22:05:17,Koramangala,Yeshwanthpur,11.97,204.7,3.4
708,2025-01-11 11:15:24,2025-01-11 11:35:24,"Whitefield, Bengaluru",Indiranagar,27.7,479.1,4.6
709,2025-01-07 06:03:43,2025-01-07 06:37:43,HSR Layout,Electronic City,3.24,78.08,4.2
710,2025-01-06 16:53:00,2025-01-06 17:48:00,"MG Road, Bengaluru",Koramangala,22.08,540.26,3.9
711,2025-01-01 10:51:56,2025-01-01 11:09:56,HSR Layout,"Whitefield, Bengaluru",25.4,498.82,5.0
712,2025-01-04 13:36:05,2025-01-04 14:26:05,"Whitefield, Bengaluru",Indiranagar,11.65,240.24,3.0
713,2025-01-04 17:22:39,2025-01-04 18:22:39,Marathahalli,Indiranagar,14.48,293.72,3.6
714,2025-01-03 19:26:34,2025-01-03 19:38:34,"MG Road, Bengaluru",BTM Layout,16.97,286.82,4.1
715,2025-01-26 07:23:07,2025-01-26 08:05:07,HSR Layout,Koramangala,25.78,440.45,3.2
716,2025-01-16 18:22:45,2025-01-16 18:45:45,HSR Layout,Yeshwanthpur,9.75,156.11,3.5
717,2025-01-06 02:08:23,2025-01-06 02:34:23,HSR Layout,Hebbal,8.65,202.31,3.5
718,2025-01-05 14:14:30,2025-01-05 14:58:30,Electronic City,"Whitefield, Bengaluru",8.62,166.61,3.1
719,2025-01-18 14:41:54,2025-01-18 15:06:54,HSR Layout,Electronic City,16.28,329.81,4.1
720,2025-01-14 12:31:11,2025-01-14 13:02:11,"MG Road, Bengaluru",HSR Layout,21.69,482.24,4.9
721,2025-01-21 20:11:18,2025-01-21 20:41:18,Hebbal,"MG Road, Bengaluru",16.88,383.49,4.2
722,2025-01-26 02:53:07,2025-01-26 03:41:07,"MG Road, Bengaluru",Electronic City,21.17,396.37,3.6
723,2024-12-31 05:43:49,2024-12-31 06:30:49,HSR Layout,Indiranagar,10.82,236.2,3.4
724,2025-01-17 18:09:04,2025-01-17 19:07:04,Yeshwanthpur,"Whitefield, Bengaluru",12.57,195.3,4.4
725,2025-01-24 08:32:21,2025-01-24 08:51:21,Electronic City,"Whitefield, Bengaluru",14.67,290.32,3.2
726,2025-01-02 19:23:11,2025-01-02 20:12:11,Indiranagar,Koramangala,21.37,334.13,3.9
727,2025-01-22 16:58:59,2025-01-22 17:18:59,Koramangala,Hebbal,3.62,81.29,4.2
728,2025-01-23 13:43:34,2025-01-23 14:02:34,BTM Layout,Yeshwanthpur,8.33,157.39,3.1
729,2024-12-31 05:43:46,2024-12-31 05:56:46,Electronic City,"Whitefield, Bengaluru",6.61,162.2,3.8
730,2025-01-01 11:14:39,2025-01-01 11:28:39,BTM Layout,Indiranagar,3.44,82.02,3.6
731,2025-01-09 07:41:23,2025-01-09 07:56:23,"Whitefield, Bengaluru",Hebbal,15.12,246.31,5.0
732,2025-01-08 23:29:57,2025-01-09 00:24:57,Marathahalli,"MG Road, Bengaluru",22.74,565.92,3.5
733,2025-01-09 03:48:33,2025-01-09 04:07:33,Yeshwanthpur,Hebbal,7.27,112.56,3.2
734,2025-01-12 12:02:33,2025-01-12 12:45:33,Marathahalli,"MG Road, Bengaluru",17.2,424.26,4.9
735,2025-01-23 13:04:12,2025-01-23 14:03:12,Marathahalli,HSR Layout,14.24,259.32,4.5
736,2025-01-21 14:44:35,2025-01-21 15:33:35,Marathahalli,HSR Layout,11.55,260.83,4.5
737,2024-12-29 08:03:35,2024-12-29 08:14:35,Yeshwanthpur,BTM Layout,20.95,371.73,4.0
738,2025-01-08 22:49:47,2025-01-08 23:46:47,Indiranagar,Electronic City,26.99,405.47,4.2
739,2024-12-31 18:13:11,2024-12-31 18:24:11,Hebbal,Indiranagar,5.29,129.47,4.8
740,2025-01-04 16:37:27,2025-01-04 17:08:27,Hebbal,BTM Layout,17.25,304.18,4.6
741,2025-01-12 03:11:50,2025-01-12 03:46:50,Indiranagar,Marathahalli,21.51,395.8,3.3
742,2024-12-28 17:20:45,2024-12-28 17:42:45,Electronic City,Indiranagar,28.2,542.51,4.8
743,2025-01-23 00:07:20,2025-01-23 00:53:20,Hebbal,Marathahalli,19.89,423.42,3.7
744,2025-01-05 14:38:43,2025-01-05 15:04:43,Marathahalli,Koramangala,9.2,184.46,4.9
745,2025-01-07 21:05:33,2025-01-07 21:59:33,"MG Road, Bengaluru",Marathahalli,18.47,323.41,3.7
746,2025-01-03 21:00:38,2025-01-03 21:34:38,BTM Layout,Koramangala,13.17,218.64,3.1
747,2025-01-02 17:14:14,2025-01-02 17:46:14,"MG Road, Bengaluru","Whitefield, Bengaluru",5.09,112.3,3.9
748,2024-12-30 17:57:05,2024-12-30 18:22:05,HSR Layout,Koramangala,5.11,125.79,3.3
749,2025-01-17 20:31:38,2025-01-17 21:18:38,Electronic City,Yeshwanthpur,11.87,196.97,3.3
750,2025-01-09 09:00:01,2025-01-09 09:29:01,Marathahalli,Hebbal,16.03,260.77,4.3
751,2024-12-31 18:05:56,2024-12-31 19:01:56,BTM Layout,Hebbal,14.11,249.23,3.3
752,2025-01-13 08:26:10,2025-01-13 09:08:10,HSR Layout,Marathahalli,27.38,488.13,5.0
753,2025-01-22 19:21:41,2025-01-22 19:34:41,Yeshwanthpur,"Whitefield, Bengaluru",18.37,352.65,3.2
754,2025-01-13 03:40:05,2025-01-13 04:25:05,Hebbal,Marathahalli,26.1,576.11,3.0
755,2025-01-09 00:44:50,2025-01-09 01:01:50,Yeshwanthpur,"Whitefield, Bengaluru",9.84,191.9,3.5
756,2025-01-14 19:13:33,2025-01-14 19:27:33,Indiranagar,Koramangala,12.19,227.78,4.3
757,2025-01-01 08:39:17,2025-01-01 09:08:17,HSR Layout,Koramangala,25.19,380.4,4.8
758,2025-01-01 15:59:40,2025-01-01 16:22:40,"MG Road, Bengaluru",Koramangala,9.65,205.3,4.4
759,2025-01-15 08:02:08,2025-01-15 09:00:08,Koramangala,Yeshwanthpur,5.11,106.71,3.4
760,2025-01-23 08:31:53,2025-01-23 09:06:53,HSR Layout,Yeshwanthpur,5.25,115.64,3.1
761,2024-12-30 14:46:22,2024-12-30 15:08:22,Koramangala,"Whitefield, Bengaluru",27.96,512.38,3.2
762,2025-01-15 09:01:13,2025-01-15 09:30:13,"Whitefield, Bengaluru",HSR Layout,26.89,449.88,4.8
763,2025-01-24 11:40:00,2025-01-24 12:31:00,Hebbal,Koramangala,13.17,298.82,4.2
764,2025-01-14 15:47:35,2025-01-14 16:40:35,Electronic City,"MG Road, Bengaluru",21.41,393.78,4.3
765,2025-01-05 23:30:07,2025-01-05 23:52:07,BTM Layout,Yeshwanthpur,21.97,513.92,4.1
766,2025-01-22 16:46:26,2025-01-22 17:10:26,Electronic City,Hebbal,12.36,264.11,3.8
767,2025-01-11 18:10:06,2025-01-11 18:55:06,BTM Layout,Yeshwanthpur,21.76,392.1,4.5
768,2025-01-06 02:30:54,2025-01-06 02:57:54,"MG Road, Bengaluru",Indiranagar,15.43,317.98,4.6
769,2024-12-31 01:41:21,2024-12-31 02:28:21,Hebbal,Indiranagar,29.71,611.48,3.5
770,2025-01-14 14:54:47,2025-01-14 15:04:47,BTM Layout,Marathahalli,3.82,94.1,4.3
771,2025-01-20 14:31:59,2025-01-20 15:20:59,Yeshwanthpur,"Whitefield, Bengaluru",13.19,320.22,4.1
772,2025-01-20 06:59:27,2025-01-20 07:28:27,Marathahalli,Electronic City,10.89,179.46,3.5
773,2025-01-03 06:47:06,2025-01-03 07:28:06,HSR Layout,"MG Road, Bengaluru",22.98,560.61,3.4
774,2025-01-24 08:54:17,2025-01-24 09:51:17,Electronic City,Hebbal,13.33,326.36,3.7
775,2025-01-12 14:46:35,2025-01-12 15:43:35,BTM Layout,Koramangala,5.22,87.12,4.0
776,2025-01-20 22:39:30,2025-01-20 23:02:30,Marathahalli,"Whitefield, Bengaluru",27.82,672.81,4.9
777,2025-01-21 18:49:58,2025-01-21 19:01:58,Marathahalli,HSR Layout,25.2,519.42,4.4
778,2025-01-14 08:52:55,2025-01-14 09:16:55,HSR Layout,Electronic City,4.53,84.68,3.2
779,2024-12-28 22:55:53,2024-12-28 23:31:53,BTM Layout,"MG Road, Bengaluru",16.66,341.41,4.5
780,2025-01-25 14:07:57,2025-01-25 14:56:57,Indiranagar,Electronic City,26.29,441.17,3.9
781,2025-01-24 20:53:48,2025-01-24 21:07:48,Hebbal,Electronic City,11.2,224.39,4.9
782,2025-01-02 05:12:41,2025-01-02 05:23:41,Marathahalli,Indiranagar,23.28,475.63,4.5
783,2025-01-11 12:08:47,2025-01-11 12:22:47,BTM Layout,Electronic City,11.55,259.17,4.4
784,2025-01-03 10:44:59,2025-01-03 11:05:59,Hebbal,Marathahalli,8.08,147.16,4.8
785,2025-01-11 15:52:49,2025-01-11 16:29:49,HSR Layout,"MG Road, Bengaluru",28.67,491.65,3.5
786,2025-01-02 07:14:48,2025-01-02 07:37:48,Electronic City,"MG Road, Bengaluru",10.35,191.85,3.8
787,2025-01-19 05:22:37,2025-01-19 05:42:37,Hebbal,HSR Layout,3.68,56.46,3.8
788,2025-01-18 14:42:20,2025-01-18 15:19:20,Yeshwanthpur,Hebbal,9.79,215.26,3.7
789,2024-12-30 15:15:38,2024-12-30 16:09:38,Yeshwanthpur,Marathahalli,7.77,117.44,5.0
790,2024-12-31 17:29:16,2024-12-31 17:49:16,"Whitefield, Bengaluru",Koramangala,18.23,306.18,3.8
791,2025-01-10 11:32:53,2025-01-10 12:11:53,Marathahalli,Yeshwanthpur,28.22,592.41,3.0
792,2024-12-31 07:45:32,2024-12-31 07:55:32,"Whitefield, Bengaluru",Yeshwanthpur,25.09,403.64,3.6
793,2025-01-10 19:00:23,2025-01-10 19:23:23,Yeshwanthpur,Marathahalli,14.1,253.02,3.0
794,2025-01-05 16:26:07,2025-01-05 16:56:07,Hebbal,Koramangala,4.54,83.64,3.2
795,2024-12-30 19:01:25,2024-12-30 19:37:25,Indiranagar,Koramangala,9.17,182.3,4.8
796,2025-01-02 09:30:20,2025-01-02 10:08:20,Hebbal,Yeshwanthpur,19.23,450.54,3.7
797,2024-12-29 20:06:55,2024-12-29 20:45:55,"Whitefield, Bengaluru",Indiranagar,25.6,497.36,4.0
798,2025-01-17 16:46:26,2025-01-17 17:01:26,BTM Layout,"Whitefield, Bengaluru",16.46,251.0,4.5
799,2025-01-25 05:23:33,2025-01-25 05:58:33,Electronic City,"MG Road, Bengaluru",9.93,166.8,3.1
800,2025-01-13 13:00:51,2025-01-13 14:00:51,"MG Road, Bengaluru",Electronic City,9.46,226.76,4.7
801,2025-01-18 00:41:59,2025-01-18 01:34:59,Electronic City,"Whitefield, Bengaluru",7.59,179.58,3.7
802,2025-01-03 09:28:56,2025-01-03 09:42:56,Marathahalli,Indiranagar,27.62,597.96,3.1
803,2025-01-21 00:27:21,2025-01-21 01:07:21,BTM Layout,"Whitefield, Bengaluru",18.51,295.31,3.6
804,2025-01-25 21:55:02,2025-01-25 22:28:02,Indiranagar,"Whitefield, Bengaluru",23.12,422.51,3.8
805,2025-01-08 23:32:50,2025-01-08 23:56:50,Koramangala,Indiranagar,11.9,178.84,3.8
806,2025-01-02 22:26:56,2025-01-02 23:12:56,Koramangala,"MG Road, Bengaluru",20.73,326.11,4.4
807,2025-01-10 08:52:01,2025-01-10 09:35:01,Indiranagar,"MG Road, Bengaluru",6.3,117.11,3.0
808,2025-01-04 23:15:23,2025-01-04 23:58:23,HSR Layout,Hebbal,19.36,351.34,3.4
809,2025-01-20 16:51:36,2025-01-20 17:32:36,"Whitefield, Bengaluru",BTM Layout,15.72,271.2,3.4
810,2025-01-19 18:10:19,2025-01-19 19:10:19,Hebbal,Electronic City,3.99,99.14,3.7
811,2025-01-04 17:05:23,2025-01-04 17:53:23,Yeshwanthpur,Electronic City,12.36,259.83,4.7
812,2025-01-12 15:41:52,2025-01-12 16:30:52,BTM Layout,Hebbal,13.06,207.46,3.8
813,2024-12-30 20:03:59,2024-12-30 20:57:59,Hebbal,BTM Layout,17.52,349.13,3.4
814,2025-01-04 00:03:33,2025-01-04 00:41:33,Electronic City,"Whitefield, Bengaluru",24.83,506.22,3.9
815,2025-01-01 23:13:57,2025-01-01 23:34:57,Indiranagar,BTM Layout,23.48,464.01,3.1
816,2024-12-31 10:36:44,2024-12-31 11:07:44,BTM Layout,Electronic City,3.18,64.5,3.1
817,2025-01-18 14:19:30,2025-01-18 14:49:30,"MG Road, Bengaluru",HSR Layout,15.75,272.69,3.8
818,2025-01-23 03:53:04,2025-01-23 04:12:04,BTM Layout,"Whitefield, Bengaluru",28.58,514.66,3.3
819,2025-01-07 20:40:33,2025-01-07 21:02:33,Yeshwanthpur,"MG Road, Bengaluru",10.11,236.11,4.6
820,2025-01-23 16:31:28,2025-01-23 16:49:28,"MG Road, Bengaluru",Koramangala,28.11,427.6,3.9
821,2025-01-18 21:06:25,2025-01-18 22:03:25,Hebbal,BTM Layout,3.06,59.5,3.3
822,2024-12-28 23:05:47,2024-12-28 23:34:47,Indiranagar,Yeshwanthpur,18.49,374.68,3.0
823,2025-01-11 02:36:05,2025-01-11 02:50:05,Hebbal,Koramangala,16.97,262.07,3.4
824,2025-01-22 13:54:49,2025-01-22 14:16:49,HSR Layout,"MG Road, Bengaluru",9.41,218.09,4.3
825,2025-01-25 07:02:06,2025-01-25 07:53:06,Indiranagar,"MG Road, Bengaluru",17.6,274.96,3.8
826,2025-01-23 15:18:46,2025-01-23 16:17:46,"MG Road, Bengaluru","Whitefield, Bengaluru",28.23,589.26,4.1
827,2025-01-12 21:13:36,2025-01-12 21:59:36,"Whitefield, Bengaluru",Yeshwanthpur,13.93,216.7,4.9
828,2024-12-28 20:35:03,2024-12-28 21:10:03,Koramangala,HSR Layout,6.66,112.79,3.7
829,2025-01-21 21:40:49,2025-01-21 22:01:49,Koramangala,Hebbal,15.03,243.94,4.5
830,2025-01-25 10:07:50,2025-01-25 10:26:50,HSR Layout,BTM Layout,13.68,215.73,4.2
831,2025-01-11 16:55:24,2025-01-11 17:48:24,Indiranagar,"MG Road, Bengaluru",28.37,646.46,3.8
832,2025-01-02 13:01:47,2025-01-02 13:41:47,"MG Road, Bengaluru",Koramangala,25.47,493.28,3.3
833,2025-01-02 14:25:25,2025-01-02 14:36:25,Electronic City,"Whitefield, Bengaluru",6.33,129.93,4.2
834,2025-01-06 14:00:03,2025-01-06 14:27:03,Yeshwanthpur,"Whitefield, Bengaluru",13.47,241.85,3.3
835,2025-01-14 05:17:15,2025-01-14 05:28:15,Yeshwanthpur,Indiranagar,7.15,110.67,3.6
836,2025-01-02 10:22:41,2025-01-02 10:47:41,Marathahalli,Yeshwanthpur,20.76,459.94,4.9
837,2025-01-08 19:53:45,2025-01-08 20:52:45,"Whitefield, Bengaluru",HSR Layout,28.74,605.91,4.8
838,2025-01-16 21:02:40,2025-01-16 21:23:40,Koramangala,HSR Layout,3.91,78.88,4.0
839,2025-01-10 20:43:31,2025-01-10 20:56:31,BTM Layout,"Whitefield, Bengaluru",10.43,257.57,4.3
840,2025-01-01 13:06:47,2025-01-01 13:50:47,Koramangala,Electronic City,28.89,676.16,4.1
841,2025-01-10 21:56:19,2025-01-10 22:47:19,Indiranagar,Marathahalli,14.3,352.93,4.4
842,2025-01-13 03:09:56,2025-01-13 03:21:56,BTM Layout,Yeshwanthpur,23.65,519.09,4.1
843,2025-01-13 05:46:44,2025-01-13 06:34:44,Yeshwanthpur,Hebbal,8.49,137.89,3.3
844,2024-12-29 18:14:53,2024-12-29 18:50:53,Koramangala,Indiranagar,10.01,159.4,3.9
845,2024-12-30 21:55:53,2024-12-30 22:08:53,"Whitefield, Bengaluru",Hebbal,20.0,339.34,3.5
846,2025-01-07 14:38:46,2025-01-07 15:38:46,Yeshwanthpur,"MG Road, Bengaluru",5.49,102.29,3.9
847,2025-01-05 06:22:38,2025-01-05 07:05:38,"MG Road, Bengaluru",Koramangala,12.95,245.74,3.9
848,2024-12-29 09:12:30,2024-12-29 09:55:30,Yeshwanthpur,BTM Layout,20.64,472.51,4.9
849,2025-01-09 13:28:22,2025-01-09 14:23:22,BTM Layout,Electronic City,26.63,477.93,4.7
850,2025-01-14 17:33:17,2025-01-14 17:51:17,HSR Layout,"MG Road, Bengaluru",17.72,378.44,3.5
851,2024-12-30 02:03:09,2024-12-30 02:34:09,Electronic City,Yeshwanthpur,5.47,85.46,3.6
852,2025-01-05 21:41:12,2025-01-05 22:28:12,Yeshwanthpur,Indiranagar,5.39,118.4,4.7
853,2025-01-12 01:07:02,2025-01-12 01:35:02,"Whitefield, Bengaluru",Yeshwanthpur,18.93,412.69,3.5
854,2024-12-28 21:37:17,2024-12-28 22:07:17,"Whitefield, Bengaluru",HSR Layout,3.92,96.25,4.2
855,2025-01-14 08:01:53,2025-01-14 08:23:53,Electronic City,Koramangala,29.41,511.68,5.0
856,2025-01-14 16:17:25,2025-01-14 17:02:25,Koramangala,HSR Layout,22.04,338.95,3.6
857,2024-12-31 16:52:59,2024-12-31 17:24:59,BTM Layout,Marathahalli,12.71,252.83,3.3
858,2025-01-01 17:59:53,2025-01-01 18:10:53,Koramangala,Electronic City,15.6,343.29,5.0
859,2025-01-14 09:34:32,2025-01-14 09:44:32,Marathahalli,HSR Layout,11.29,211.41,3.4
860,2025-01-21 21:35:15,2025-01-21 22:01:15,Hebbal,BTM Layout,10.55,180.79,4.6
861,2025-01-21 12:23:12,2025-01-21 12:52:12,Hebbal,Indiranagar,10.21,233.59,4.5
862,2025-01-24 10:45:59,2025-01-24 11:18:59,HSR Layout,Koramangala,20.7,350.51,3.2
863,2025-01-21 12:42:07,2025-01-21 13:10:07,Indiranagar,Electronic City,16.5,324.49,3.4
864,2025-01-20 02:52:22,2025-01-20 03:41:22,"MG Road, Bengaluru",HSR Layout,25.92,487.04,4.7
865,2025-01-02 08:03:57,2025-01-02 08:19:57,Indiranagar,Electronic City,9.74,190.13,4.5
866,2025-01-06 13:20:07,2025-01-06 13:54:07,"MG Road, Bengaluru",HSR Layout,7.59,189.58,4.0
867,2025-01-24 06:46:42,2025-01-24 07:28:42,Electronic City,HSR Layout,5.56,89.17,4.2
868,2025-01-20 04:59:39,2025-01-20 05:25:39,Koramangala,Electronic City,4.83,107.49,4.7
869,2024-12-30 11:54:14,2024-12-30 12:32:14,BTM Layout,"MG Road, Bengaluru",21.81,395.32,3.4
870,2025-01-05 08:58:59,2025-01-05 09:37:59,"Whitefield, Bengaluru","MG Road, Bengaluru",11.49,241.09,3.3
871,2025-01-21 17:57:03,2025-01-21 18:09:03,"Whitefield, Bengaluru",Indiranagar,5.05,83.62,3.0
872,2025-01-07 23:52:22,2025-01-08 00:18:22,BTM Layout,Electronic City,8.61,199.41,4.3
873,2025-01-08 09:00:11,2025-01-08 09:31:11,Electronic City,"Whitefield, Bengaluru",9.84,185.51,3.4
874,2024-12-28 22:17:37,2024-12-28 22:56:37,BTM Layout,Hebbal,12.88,295.14,4.8
875,2025-01-11 10:25:28,2025-01-11 11:12:28,Marathahalli,Koramangala,15.93,367.49,5.0
876,2025-01-15 04:22:50,2025-01-15 04:39:50,"MG Road, Bengaluru","Whitefield, Bengaluru",26.61,532.69,3.1
877,2025-01-05 00:58:15,2025-01-05 01:52:15,"Whitefield, Bengaluru",Marathahalli,26.28,472.63,3.0
878,2025-01-25 23:37:32,2025-01-26 00:17:32,Indiranagar,Yeshwanthpur,29.03,678.32,4.6
879,2025-01-26 21:02:36,2025-01-26 21:39:36,Koramangala,Electronic City,20.2,338.58,4.0
880,2025-01-17 16:48:20,2025-01-17 17:41:20,BTM Layout,Marathahalli,4.2,99.89,3.9
881,2025-01-15 17:05:23,2025-01-15 17:40:23,Marathahalli,"MG Road, Bengaluru",5.82,112.51,4.4
882,2025-01-20 00:19:55,2025-01-20 01:17:55,Hebbal,"MG Road, Bengaluru",29.22,659.28,4.9
883,2025-01-03 13:40:34,2025-01-03 14:38:34,Marathahalli,Yeshwanthpur,15.14,371.31,4.8
884,2025-01-08 14:15:08,2025-01-08 15:03:08,BTM Layout,"Whitefield, Bengaluru",17.85,400.34,3.2
885,2025-01-08 02:18:48,2025-01-08 02:47:48,BTM Layout,Koramangala,15.72,346.31,3.1
886,2025-01-03 23:53:09,2025-01-04 00:15:09,Hebbal,"MG Road, Bengaluru",19.4,405.34,3.9
887,2025-01-01 11:24:38,2025-01-01 12:16:38,Yeshwanthpur,Indiranagar,29.37,641.43,3.0
888,2025-01-08 01:32:09,2025-01-08 02:22:09,HSR Layout,BTM Layout,25.03,432.19,3.3
889,2025-01-13 08:01:18,2025-01-13 08:20:18,BTM Layout,"MG Road, Bengaluru",24.64,479.63,3.0
890,2025-01-19 11:39:38,2025-01-19 12:37:38,Indiranagar,Koramangala,15.06,293.95,4.9
891,2025-01-25 20:06:35,2025-01-25 20:50:35,Electronic City,Indiranagar,29.44,658.35,3.2
892,2025-01-02 04:46:30,2025-01-02 05:24:30,"MG Road, Bengaluru",Indiranagar,13.57,261.35,4.7
893,2025-01-17 08:59:13,2025-01-17 09:19:13,Hebbal,Indiranagar,15.82,312.52,3.4
894,2025-01-16 15:38:27,2025-01-16 16:10:27,HSR Layout,Electronic City,6.45,115.38,3.7
895,2025-01-03 11:46:25,2025-01-03 12:07:25,BTM Layout,Indiranagar,24.55,516.71,3.7
896,2024-12-30 05:38:06,2024-12-30 06:05:06,Indiranagar,Electronic City,8.91,152.63,3.1
897,2024-12-31 09:03:37,2024-12-31 09:46:37,"MG Road, Bengaluru",Koramangala,21.28,428.65,3.6
898,2024-12-28 23:20:38,2024-12-28 23:52:38,Yeshwanthpur,Koramangala,11.61,220.04,3.2
899,2024-12-31 01:26:46,2024-12-31 02:14:46,Indiranagar,BTM Layout,18.42,415.61,3.0
900,2025-01-04 00:05:16,2025-01-04 00:26:16,HSR Layout,"MG Road, Bengaluru",23.04,379.83,3.1
901,2024-12-30 19:42:47,2024-12-30 19:53:47,Koramangala,"Whitefield, Bengaluru",26.64,635.72,5.0
902,2025-01-18 20:36:00,2025-01-18 21:05:00,Indiranagar,Koramangala,5.99,96.59,4.8
903,2025-01-18 23:42:39,2025-01-19 00:39:39,Hebbal,Marathahalli,26.48,584.52,4.1
904,2025-01-26 15:18:10,2025-01-26 16:18:10,Marathahalli,Koramangala,5.53,117.43,4.6
905,2025-01-13 06:27:10,2025-01-13 06:53:10,HSR Layout,Marathahalli,16.45,371.82,4.0
906,2025-01-19 16:09:34,2025-01-19 17:07:34,Hebbal,HSR Layout,18.65,426.17,4.3
907,2025-01-11 19:18:12,2025-01-11 19:51:12,Marathahalli,HSR Layout,7.4,112.79,4.6
908,2025-01-06 13:31:00,2025-01-06 14:08:00,Yeshwanthpur,Electronic City,4.05,89.38,4.1
909,2025-01-20 21:37:09,2025-01-20 21:57:09,Hebbal,"Whitefield, Bengaluru",3.34,62.33,5.0
910,2025-01-14 09:21:14,2025-01-14 10:08:14,Electronic City,"MG Road, Bengaluru",24.01,511.41,4.6
911,2025-01-11 17:22:55,2025-01-11 17:36:55,Koramangala,HSR Layout,26.28,432.52,3.9
912,2025-01-16 10:03:16,2025-01-16 10:17:16,"Whitefield, Bengaluru",Koramangala,6.34,96.92,3.6
913,2024-12-30 00:59:30,2024-12-30 01:51:30,Hebbal,Electronic City,12.51,262.16,3.9
914,2025-01-04 10:00:33,2025-01-04 10:19:33,Hebbal,Electronic City,11.59,183.97,3.4
915,2024-12-28 23:11:43,2024-12-28 23:26:43,Koramangala,Marathahalli,28.46,579.43,4.9
916,2025-01-07 12:57:58,2025-01-07 13:40:58,"Whitefield, Bengaluru","MG Road, Bengaluru",7.1,169.3,3.6
917,2025-01-05 16:45:50,2025-01-05 16:56:50,BTM Layout,"MG Road, Bengaluru",22.72,440.69,3.1
918,2025-01-08 16:23:21,2025-01-08 17:13:21,"Whitefield, Bengaluru",HSR Layout,8.13,193.48,3.2
919,2025-01-17 12:46:19,2025-01-17 13:41:19,BTM Layout,"MG Road, Bengaluru",20.42,434.75,4.7
920,2025-01-13 06:15:48,2025-01-13 06:48:48,Hebbal,Electronic City,15.36,351.93,4.5
921,2025-01-05 03:09:13,2025-01-05 03:22:13,Indiranagar,"Whitefield, Bengaluru",11.84,198.21,3.5
922,2025-01-20 09:55:18,2025-01-20 10:50:18,HSR Layout,Marathahalli,26.83,574.21,4.5
923,2025-01-07 20:08:51,2025-01-07 21:05:51,BTM Layout,Indiranagar,4.41,68.94,4.8
924,2025-01-03 08:55:26,2025-01-03 09:27:26,"MG Road, Bengaluru",Koramangala,12.43,282.04,4.8
925,2025-01-14 13:23:23,2025-01-14 13:53:23,BTM Layout,Hebbal,24.32,575.01,3.4
926,2025-01-06 08:34:28,2025-01-06 08:48:28,Hebbal,"MG Road, Bengaluru",5.1,77.99,4.6
927,2025-01-14 06:17:25,2025-01-14 06:50:25,HSR Layout,Indiranagar,8.56,137.4,4.4
928,2024-12-31 19:09:32,2024-12-31 19:33:32,"Whitefield, Bengaluru",Hebbal,27.14,485.38,4.4
929,2025-01-01 01:05:30,2025-01-01 01:40:30,Indiranagar,Marathahalli,27.48,609.41,3.2
930,2025-01-25 06:22:06,2025-01-25 07:13:06,HSR Layout,Yeshwanthpur,25.34,442.24,3.3
931,2025-01-11 08:34:10,2025-01-11 08:57:10,Marathahalli,Yeshwanthpur,16.26,244.69,4.6
932,2025-01-05 17:34:07,2025-01-05 18:01:07,Koramangala,"MG Road, Bengaluru",9.67,184.42,3.6
933,2025-01-17 00:35:39,2025-01-17 01:04:39,HSR Layout,Electronic City,7.65,158.07,4.6
934,2025-01-02 08:54:48,2025-01-02 09:13:48,"Whitefield, Bengaluru",Indiranagar,11.23,238.98,3.1
935,2025-01-24 00:37:59,2025-01-24 01:08:59,Marathahalli,Hebbal,20.01,334.7,3.5
936,2025-01-04 15:14:28,2025-01-04 16:10:28,Marathahalli,Electronic City,26.45,653.28,4.2
937,2025-01-17 08:04:20,2025-01-17 08:36:20,Marathahalli,BTM Layout,11.13,213.26,5.0
938,2025-01-22 08:38:33,2025-01-22 08:59:33,HSR Layout,"MG Road, Bengaluru",7.17,112.91,3.4
939,2025-01-21 22:14:07,2025-01-21 22:36:07,Yeshwanthpur,"MG Road, Bengaluru",12.34,186.35,4.1
940,2025-01-03 05:06:32,2025-01-03 06:00:32,Marathahalli,Electronic City,19.77,324.11,4.1
941,2025-01-06 03:38:18,2025-01-06 03:59:18,Marathahalli,BTM Layout,19.49,418.54,3.4
942,2024-12-29 20:32:45,2024-12-29 21:00:45,Hebbal,"MG Road, Bengaluru",8.92,149.16,4.0
943,2025-01-01 16:02:21,2025-01-01 16:47:21,"Whitefield, Bengaluru",BTM Layout,3.93,76.61,4.0
944,2024-12-28 22:39:19,2024-12-28 23:31:19,HSR Layout,Marathahalli,25.2,506.61,4.2
945,2025-01-25 05:42:04,2025-01-25 06:38:04,Hebbal,HSR Layout,8.29,170.55,4.2
946,2024-12-31 11:35:36,2024-12-31 12:15:36,Indiranagar,BTM Layout,27.48,451.33,4.1
947,2025-01-01 12:49:08,2025-01-01 13:36:08,Indiranagar,Yeshwanthpur,9.39,179.69,4.2
948,2025-01-22 05:18:12,2025-01-22 05:59:12,Hebbal,Marathahalli,27.55,428.92,3.7
949,2025-01-13 23:15:25,2025-01-13 23:40:25,Koramangala,Indiranagar,29.9,465.69,4.0
950,2025-01-23 05:31:09,2025-01-23 06:22:09,Indiranagar,HSR Layout,6.25,99.8,4.0
951,2025-01-02 05:03:57,2025-01-02 05:39:57,Koramangala,HSR Layout,8.94,195.22,3.2
952,2025-01-06 04:24:32,2025-01-06 04:59:32,Indiranagar,Hebbal,4.61,98.89,3.8
953,2025-01-07 18:19:28,2025-01-07 18:41:28,Hebbal,Electronic City,8.84,201.63,4.2
954,2025-01-26 01:12:36,2025-01-26 01:52:36,Electronic City,Indiranagar,18.89,434.92,3.6
955,2025-01-04 03:46:48,2025-01-04 04:11:48,Electronic City,Koramangala,23.17,574.44,3.2
956,2025-01-21 05:17:16,2025-01-21 05:51:16,Koramangala,Marathahalli,22.41,448.04,4.6
957,2025-01-20 14:28:57,2025-01-20 14:43:57,Koramangala,"Whitefield, Bengaluru",20.31,319.73,4.4
958,2025-01-22 21:54:04,2025-01-22 22:04:04,Electronic City,"Whitefield, Bengaluru",6.16,144.3,4.3
959,2025-01-04 14:28:33,2025-01-04 15:13:33,Marathahalli,"MG Road, Bengaluru",23.78,460.65,4.2
960,2024-12-29 10:37:34,2024-12-29 11:03:34,Hebbal,Yeshwanthpur,23.69,404.93,3.8
961,2025-01-03 16:22:10,2025-01-03 16:32:10,BTM Layout,Yeshwanthpur,8.13,146.37,3.4
962,2025-01-17 06:06:41,2025-01-17 06:49:41,Marathahalli,HSR Layout,18.27,351.29,4.6
963,2025-01-02 19:43:55,2025-01-02 20:37:55,Marathahalli,"MG Road, Bengaluru",3.85,62.8,3.7
964,2025-01-14 08:37:53,2025-01-14 08:49:53,Electronic City,Marathahalli,24.92,579.17,4.2
965,2025-01-17 11:38:42,2025-01-17 12:36:42,Indiranagar,Koramangala,25.62,593.87,3.0
966,2024-12-31 05:52:02,2024-12-31 06:17:02,Yeshwanthpur,"MG Road, Bengaluru",28.89,600.32,4.2
967,2025-01-22 11:59:16,2025-01-22 12:41:16,Yeshwanthpur,BTM Layout,10.7,265.01,4.8
968,2025-01-26 19:21:05,2025-01-26 19:33:05,Indiranagar,Yeshwanthpur,18.25,302.52,4.6
969,2025-01-24 20:21:33,2025-01-24 21:10:33,Marathahalli,Electronic City,21.51,438.4,3.2
970,2025-01-03 19:56:21,2025-01-03 20:19:21,Hebbal,Koramangala,27.64,421.98,3.1
971,2024-12-28 18:18:06,2024-12-28 19:12:06,Koramangala,Marathahalli,22.66,555.42,3.3
972,2024-12-28 22:04:01,2024-12-28 22:50:01,"MG Road, Bengaluru",Koramangala,24.78,522.56,3.7
973,2024-12-30 18:04:27,2024-12-30 18:53:27,"Whitefield, Bengaluru",Koramangala,29.32,637.66,4.1
974,2025-01-04 14:28:21,2025-01-04 15:21:21,BTM Layout,Koramangala,17.97,317.6,4.3
975,2025-01-21 22:23:25,2025-01-21 23:19:25,Koramangala,Electronic City,6.06,128.03,3.8
976,2025-01-15 16:34:46,2025-01-15 17:00:46,"MG Road, Bengaluru",Yeshwanthpur,12.52,189.06,3.3
977,2025-01-23 05:58:45,2025-01-23 06:43:45,Koramangala,Marathahalli,19.46,326.93,3.6
978,2025-01-18 01:23:31,2025-01-18 01:38:31,"MG Road, Bengaluru",BTM Layout,13.56,264.87,3.3
979,2025-01-05 07:24:10,2025-01-05 07:51:10,BTM Layout,"MG Road, Bengaluru",23.36,431.93,3.1
980,2025-01-19 15:23:28,2025-01-19 16:09:28,Indiranagar,BTM Layout,8.96,188.18,4.5
981,2025-01-19 21:37:50,2025-01-19 21:55:50,Yeshwanthpur,Electronic City,23.74,458.72,3.5
982,2025-01-14 06:26:24,2025-01-14 07:09:24,"MG Road, Bengaluru",Indiranagar,19.57,338.89,3.8
983,2025-01-13 01:29:51,2025-01-13 01:40:51,Marathahalli,Electronic City,6.79,169.44,4.8
984,2025-01-17 14:58:28,2025-01-17 15:40:28,HSR Layout,Indiranagar,15.36,367.98,4.5
985,2025-01-03 07:06:08,2025-01-03 07:49:08,"Whitefield, Bengaluru",Electronic City,4.56,85.05,5.0
986,2025-01-12 02:53:50,2025-01-12 03:29:50,Koramangala,HSR Layout,17.03,380.1,4.2
987,2025-01-02 06:58:31,2025-01-02 07:35:31,Koramangala,"Whitefield, Bengaluru",5.02,109.82,4.9
988,2025-01-04 06:24:54,2025-01-04 06:50:54,BTM Layout,Koramangala,16.13,253.33,3.0
989,2025-01-03 14:30:11,2025-01-03 14:41:11,Yeshwanthpur,Indiranagar,13.18,278.94,3.4
990,2025-01-22 11:17:40,2025-01-22 12:00:40,BTM Layout,Hebbal,8.51,146.2,4.4
991,2025-01-17 04:56:16,2025-01-17 05:42:16,Koramangala,BTM Layout,26.03,560.73,4.4
992,2025-01-07 19:18:00,2025-01-07 19:39:00,Hebbal,"Whitefield, Bengaluru",11.16,170.59,5.0
993,2025-01-09 06:49:40,2025-01-09 07:34:40,Hebbal,BTM Layout,15.21,347.15,3.5
994,2025-01-20 02:06:46,2025-01-20 02:39:46,Hebbal,Marathahalli,15.94,299.91,4.9
995,2025-01-12 08:01:19,2025-01-12 08:55:19,"MG Road, Bengaluru",HSR Layout,27.92,537.5,3.6
996,2025-01-18 16:25:27,2025-01-18 16:47:27,Marathahalli,"Whitefield, Bengaluru",4.16,86.23,3.8
997,2024-12-28 18:30:06,2024-12-28 18:41:06,Koramangala,Indiranagar,3.38,78.95,4.2
998,2025-01-27 07:23:23,2025-01-27 08:04:23,"Whitefield, Bengaluru",Yeshwanthpur,7.54,134.08,4.7
999,2025-01-14 07:59:02,2025-01-14 08:10:02,"Whitefield, Bengaluru",Hebbal,19.24,450.94,3.6
1000,2025-01-09 23:20:07,2025-01-09 23:58:07,Indiranagar,HSR Layout,16.5,297.41,4.1
